,kalimat
300,"coba dihilangkan saja fitur yang enggak mengerti sama kai kayak beli paket data, pulsa dan token listrik biar aplikasi ini makin efisien dan mengurangi beban peladen juga sehingga enggak kelebihan ketika lagi banyak yang mengakses atau war tiket."
608,"performanya sedikit lebih baik dari sebelumnya,"
249,"sebelumnya saya sudah beli tiket pakai aplikasi lama, terus saya cek. di aplikasi tiket saya hilang tuh. pertanggungjawabannya bagaimana?"
163,"ternyata tidak sepenuhnya memudahkan proses pengembapan, tetap diminta ktp untuk pengecekan. apa gunanya kita mengisi data pribadi saat buat akun kalau hanya bikin ribet cek ktp? aplikasi tidak berguna. dyy = + - dyy = + - tambahan tampilan juga bikin ribet kalau mau pilih kereta, beda dengan aplikasi sebelumnya, jadi menyesal ditingkatkan ke access kaidyy = + - dyy = + -"
462,setelah ditingkatkan malah jadi lancar. aplikasinya buka jadwal / pembayaran malah jadi lebih cepat
42,"diperbarui makin bagus, lancar terus fiturnya juga banyak dan lengkap jadi pesan tiket kereta bisa selain pesan hotel beli kuota internet juga"
73,malah makin bagus dan lancar banget aplikasinya di versi terbaru ini.
393,diperbarui bukannya makin bagus malah makin buruk. tidak sesuai simpel praktis dahulu. banyak iklan.
66,"wah tampilannya sekarang oke banget. cuma sayang metode pembayaran masih dibatasi kartu debit mandiri sama ovo. mohon tambahkan dong wallet gopay dan dana. terus debit bri, mandiri, sama bca."
11,sudah bisa pakai qris di kai access aya kai akun ada suka dengan pembayaran qris jadi lebih simpel ditambah uga aplikasinya makin satset
364,"ditingkatkan malah tambah lancar, dari proses masuk sampai pambayran tiket"
155,"setelah ditingkatkan jadi susah pesan tiketnya, sering pesan dengan metode pembayaran tautan saja, padahal di telepon seluler sudah terpasang aplikasinya tetapi disuruh unduh"
551,aplikasi kaiacces ada perbarui makin simpel dan mempermudah. makin lancar dan enggak lambat juga
83,lebih suka tampilan aplikasi yang dahulu
275,"sudah perbarui, ui yang baru tetapi kualitas makin buruk. mau lihat jadwal kerlu dari jalur rangkas - tanah abang saja enggak bisa"
354,"pembaruan terbaru, tampilan terbaru, bukannya memperbaiki, malah mempersulit, tiket sudah habis untuk apa masih pada menongol. lebih suka tampilan yang lama, simpel dan tidak beribet"
79,saya senang dengan pembaruan aplikasi ini. karena di aplikasi kai accesa saat ini saya bisa melakukan perbarui nomor telepon seluler. karena di aplikasi sebelumnya tidak bisa dan sering gagal. ditambah fitura-fitura terbarunya yang sangat membantu penggunanya. buat performanya juga makin canggih dan makin cepat
23,"jadi makin ribet. bagi orang-orang tua ini menyusahkan ya ui ux-nya, kalau dahulu lebih sederhana,"
507,"tampilan yang sekarang bagus dan mudah, sangat nyaman"
298,"tampilan baru memang terlihat segar, tetapi ya ampun enggak selama ini juga memuatnya dong"
341,kesulitan untuk pembayaran via qris. padahal aplikasi sebelum diperbarui aman tanpa kendala. eror.
284,tampilan yang makin memudahkan
495,"fitur lebih banyak dan tampilan lebih bagus tetapi sayang lambat minta ampun, untuk memilih tempat duduk lama sekali, pembayaran tinggal menunggu kode pembayaran lama dan akhirnya time out, akhirnya jadi enggak dapat tiket, padahal ini untuk perjalanan mendadak. beda jauh dengan waktu aplikasi yang lama, saat set bisa cepat enggak memuat terus."
556,pembuatan yang baru bagus dan lancar di pembayaran pakai qris-nya juga lancar
137,"semakin canggih ini aplikasi, sekarang kalau mau pesan tiket enggak usah menulis nama satul, soalnya nama yang sudah pernah masuk keseimpen, jadi tinggal menambah"
227,"jadi lambat banget, enakan pakai aplikasi sebelum diperbarui"
537,"kok tampilannya lebih enak yang dahulu ya, diperbarui malah jadi ruwet"
554,"banyak fitur dan pilihannya tetapi enggak busa sama saja kalau tidak bisa terakses, lebih running sama versi yang lamanya, merugikan konsumen apabila ada sesuatu mendesak dan butuh reshcedulle tiket tetapi enggak bisa, sudah coba telepon dan tanya ke 021121 servis center juga enggak ada solusi, sudah saya coba manual copot kemudian unduh pasang lagi. sama saja enggak bisa. harus jadi perhatian dong ini"
9,"fiturnya lebih ribet & membingungkan. lebih simpel aplikasi sebelumnya., dy (tm)"
574,"makin di meningkatkan makin lancar pesan tiket juga makin mudah, tetapilannya juga lebih mordern suka banget lebih segar"
487,"sudah perbarui jadi makin bagus malah jadi makin memudahkan, saat pembayaran menggunakan e-wallet jadi mudah sekali, lebih bagus daripada kai access versi lama."
572,setelah ditingkatkan malah jadi lancar. aplikasinya buka jadwal / pembayaran malah jadi lebih cepat
602,"waktu pemesanan habis terus, pembayaran terganggu, aplikasi lambat, enggak bisa ganti kursi penumpang. niat bikin aplikasi apa enggak sih?. surel yang saya kirim segera dicek, di situ ada video kendalanya. jangan merespons seperti bot. pesan tiket ka lokal eror. tolong perbaiki"
360,menjadi tidak simpel.
84,"jadi enggak bisa cek jadwal kerlu, aplikasi malah jadi lebih rumit, simpel yang versi lama"
165,tolong ini aplikasinya banyak banget gangguannya. tolong pasti
210,"tampilan baru memang terlihat segar, tetapi ya ampun enggak selama ini juga memuatnya dong"
209,"tampilannya bagus, tetapi saat mau masuk ke aplikasi lamanya membuat emosi banget"
481,terlalu banyak menu semakin lambat aplikasinya.
480,"habis memperbarui malah ribet dan sangat sangat lambat, tolong dibenahi lagi apa karena masih baru memperbarui belum dilalukan percobaan atau bagaimana, cota di pencarian stasiun kereta sangat lambat memuatnya dan stasiun tidak ditemukan padahal di versi sebelumnya bisa langsung bertemu dan cepat, pilih tempat duduk memuat sampai 20 menit belum selesai akhirnya beli di traveloka saja, kembalikan ke versi sebelumnya saja, di tes dahulu sampai benar-benar jalan semua fiturnya sebelum aplikasinya diluncurkan buat umum, semoga dibenarkan"
327,"setelah memperbarui malah fitur lama, ini aplikasi baru sekali atau memperbarui versi saja? kalau memperbarui seharusnya tidak mengganggu fitur yang sudah ada, tetapi ini malah merusak fitur lama"
204,"minta pembaruan melulu semenjak tampilan baru, saya makin susah diakses dan jauh lebih ribet fiturnya"
153,sudah bisa pakai qris di kai access aya kai akun ada suka dengan pembayaran qris jadi lebih simpel ditambah uga aplikasinya makin satset
75,makin memberikan kemudahan pelanggan diperbarui yang baru ini. bintang 5 buat memperbarui dan terbarunya kai sudah enggak lambat lagi jadi mantap terbaik lancar jaya. lebih suka aplikasi terbaru ini karena mudah dimengerti oleh pelanggan / pengguna
92,"makin di meningkatkan makin lancar pesan tiket juga makin mudah, tetapilannya juga lebih mordern suka banget lebih segar"
591,"aplikasi menjadi lebih lancar sesudah diperbarui, semuanya lancar dan cepat, mudah masuk, mudah memesan, yang dahulu lambat berputar terus saya pernah menunggu hampir 1 jam bula balik masih saja lemot, untung sekarang sudah diperbarui lebih memudahkan pesanan tiket daring"
68,"diperbarui malah lancar banget yang dahulu rada ""lemot soalnya, buat pesan tiket & bayarnya lebih mudah sekarang"
15,"alamdulillah setelah memperbarui akses menjadi lebih lancar, tidak seperti pada aplikasi sebelumnya lemot. saat memilih kursi timeout tidak perlu menunggu waktu lama & membuang waktu"
395,tampilan oke pemesanan cepat langsung dapat
234,makin susah enggak bisa dipesan enggak bisa diklik. masih bagus yang versi lamady ~
88,"ini setelah diperbarui kenapa aplikasinya jadi lambat banget admin, bahkan keluar sendiri, pas mau masuk jadi enggak bisa masuk keterangannya ""failed request"" padahal udah biasa dahulu pakai kai acces, tolong dong kalau memang harus pakai aplikasi, aplikasinya ya dibikin simpel dan mudah aksesnya jangan jadi malah susah begini."
516,"setelah ditingkatkan jadi susah pesan tiketnya, sering pesan dengan metode pembayaran tautan saja, padahal di telepon seluler sudah terpasang aplikasinya tetapi disuruh unduh"
117,"tampilan interface tidak ramah setelah pembaruan enggak suka banget bikin mata sakit, tetapi menarik, untung makin lancar pesan tiketnya mudah bayarnya juga bisa pakai ovo, soalnya saya pengguna ovo banget"
405,fiturnya banyak. sepaket lambat juga minta ampun.
430,"mudah, lancar pembayarannya. yang tidak punya atm, bisa melalui indomaret, alfamart. mantap"
33,"aplikasinya perbaruan sendiri, tetapi setelah terbaru tidak bisa lagi melihat jadwal kereta."
0,semenjak aplikasinya perbarui jadi makin lambat aduh
609,"saya pelanggan setia kali merasa paus dengan versi terbarunya memudahkan dalam segala hal pesan tiket mudah, cek tiket kereta mudah, bayarnya mudah, fitur tambahan yang juga berguna bagi saya. salutnya dengan tambahan fitur yang banyak tapi masih lancar terus enggak lambat lambat"
192,"coba dihilangkan saja fitur yang enggak mengerti sama kai kayak beli paket data, pulsa dan token listrik biar aplikasi ini makin efisien dan mengurangi beban peladen juga sehingga enggak kelebihan ketika lagi banyak yang mengakses atau war tiket."
365,terima kasih tampilan baru lebih intuitif
603,"cari tiketnya jadi sedikit menyusahkan, harus lemah dahulu, kurang jelas tiket mana yang tersedia sekali, jelas tampilan di versi sebelumnya. dan jadi tidak bisa menyesal tiket yang tersedia sedih menurut harga, dsb.. yang tersorting hanya judul besar tiket. sarannya mungkin dikembalikan saja tampilan tiketnya seperti versi sebelumnya, menurut saya itu sudah sangat jelas"
441,"untuk memperbarui aplikasinya lancar banget, tetapi lebih enak dilihat yang dahulu tampilan menu aplikasinya"
424,eror 'daftar pesanan kosong ditingkatkan gagal terus tumbid siap harga promo enggak bisa dipesan ditingkatkan begitu terus
22,"lemot banget banget, setiap mau buka memuatnya lama padahal jaringan sudah bangus terus aplikasinya harus ditingkatkan. setiap mau buka harus masukkan otp-nya entah lewat surel / sms, padahal sebelumnya pernah kasih otp,"
468,"tampilan baru dikira aplikasi tambah bagus eh ternyata makin jelek, enggak bisa masuk lagi katanya idnum already exist, kalau kayak begini bagaimana mau pesan tiketnya lagi? jadi enggak guna aplikasinya"
116,sejak diperbarui makin garibet. pesan tiket jadi saat set. enggak lambat. lebih mudah beli tiket di aplikasi sekarang. ha. lebih baik daripada sebelumnya. terima kasih
89,"aplikasi enggak guna, kalau enggak bisa mengoperasikan aplikasi mending tidak saja, malah ditiadakan tidak aktif"
182,"metode pembayaran sangat terbatas, tidak ada fitur ganti nomor padahal nomor sudah tidak aktif, tidak ada tombol pembayaran jika tidak sengaja keluar dari aplikasi"
548,sejak diperbarui malah makin mudah aplikasinya enggak lambat lagi. mudah sekali ketika cek tiket dan ketika menyelesaikan langkah setep setelah isi data penumpang. pembaruan terbaru ini sangat membantu saya puas
264,keren
18,bagus lancar dan pemuda kita untuk pesan tiket
235,"makin di meningkatkan makin lancar pesan tiket juga makin mudah, tetapilannya juga lebih mordern suka banget lebih segar"
512,eror 'daftar pesanan kosong ditingkatkan gagal terus tumbid siap harga promo enggak bisa dipesan ditingkatkan begitu terus
144,setelah memperbarui tampilan lebih colour full lebih lengkap bahkan jadwal commuterline. suka dengan versi baru kai performanya meningkat jadi lebih cepat
299,"performanya sedikit lebih baik dari sebelumnya,"
291,kesulitan untuk pembayaran via qris. padahal aplikasi sebelum diperbarui aman tanpa kendala. eror.
555,"saat ini aplikasinya malah jadi kurang membantu detail kendala. memuatnya lama sekali, saat mau cek jadwal komuter line susah sekali mencari nama stasiun. memakan banyak waktu memuat namun hasil pencarian malah tidak keluar."
382,aplikasinya sangat mudah digunakan tambah bagus dan tidak lambat
550,"untuk memperbarui aplikasinya lancar banget, tetapi lebih enak dilihat yang dahulu tampilan menu aplikasinya"
524,"parah enak versi dahulu. dahulu enggak bingung mau lihat tiket yang sudah dipesan di mana, sekarang kebanyakan printilan-printilan yang enggak guna banget sumpah"
565,"setelah diperbarui jadi lebih baik enggak tidak sesuai harapan lagi baik dari performa fitur ""-nya dll. tampilan dan pengoperasian juga lebih efisien versi terbaru sumpah, versi lamanya menyebalkan. aneh"
425,aplikasinya mempermudah dan bagus
167,"kalau tiket habis enggak usah ditampilkan lagi daftarnya, jadi bingung menge tetap satu per satu karena yang habis tetap ada di daftar"
54,"setelah memperbarui jadi makin lancar, untuk buka aplikasinya langsung satset, tetapi menurut saya tampilan antarmukanya bagusan yang sebelumnya"
437,"kini versi terbaru access by kai jauh lebih baik daripada versi sebelumnya, lebih modern dan colorful, saran saya tambahkan beberapa fitur lain dan perbaiki beberapa eror yang masih ada, maju terus kai!"
46,tampilan baru. bukan lebih mempermudah tetapi lebih mempersulit. kasihan kalau orang awam untuk melakukan pemesanan lewat aplikasi kai access.
93,"setelah memperbarui, aplikasi sering bermasalah. (1) tidak bisa masuk ke aplikasi setelah pengisian kode otp karena selalu memuat sehingga harus menunggu diblokir 1 jam karena terlalu sering masukkan kode otp (2) ingin melakukan pembayaran melalui qris namun kode qris tidak kunjung muncul sehingga tidak bisa bayar tiket (3) jenis kelamin sudah diubah namun setelah di-refresh kembali lagi ke jenis kelamin yang salah (tertukar antara laki dan perempuan) untuk semua penumpang."
280,"pembaruan otomatis, biasanya tiket kereta yang sudah habis enggak ditampilkan ini yang sudah habis ditampilkan kira masih tersedia"
108,fiturnya banyak. sepaket lambat juga minta ampun.
289,"waktu pemesanan habis terus, pembayaran terganggu, aplikasi lambat, enggak bisa ganti kursi penumpang. niat bikin aplikasi apa enggak sih?. surel yang saya kirim segera dicek, di situ ada video kendalanya. jangan merespons seperti bot. pesan tiket ka lokal eror. tolong perbaiki"
195,"tujuannya apa, menampilkan promo, tetapi tidak, tersedia, lebih bagus dan mudah versi sebelumnya."
615,lancar banget tidak kendala waktu mau pembayaran malah jadi efektif
509,"pembaruan besar-besaran aplikasi kai makin bagus, respons cepat dan ui keren. cuma ada kekurangan yaitu metode pembayaran eh wallet cuma ada opsi ovo, mungkin ke depan bisa ditambahkan wallet lain seperti gopay, shopeepay, dana atau virtual account."
463,"kerja bagus kai aplikasinya jadi lancar banget, pemesanan cepat banget, di meningkatkan jadi lebih baik dan lebih mudah diakses"
355,"lemmootnya minta ampun, tolong segera diperbaiki sistemnya. lebih baik copot kalau lambat banget kayak begini"
403,"saya pelanggan setia kali merasa paus dengan versi terbarunya memudahkan dalam segala hal pesan tiket mudah, cek tiket kereta mudah, bayarnya mudah, fitur tambahan yang juga berguna bagi saya. salutnya dengan tambahan fitur yang banyak tapi masih lancar terus enggak lambat lambat"
333,sejak diperbarui malah makin mudah aplikasinya enggak lambat lagi. mudah sekali ketika cek tiket dan ketika menyelesaikan langkah setep setelah isi data penumpang. pembaruan terbaru ini sangat membantu saya puas
419,banyak alat-alat tetapi lambat. suka time out.
281,"habis tak memperbarui tampilkan baru malah makin bagus dan jadi makin lancar, mau cari tiket juga gampang"
272,sudah banyak plusnya daripada yang lama metode pembayaran juga banyak beli tiket ka jadi sangat mudah banget lacar juga
500,"mau masuk lancar banget, proses ke pembayaran juga lancar, sampai-sampai waktu pembayaran hanya butuh waktu yang cepat enggak lama. ini aplikasi super lancar dari segala-segalanya"
69,"baru diperbarui aplikasinya lancar terus, enggak bikin menggunakan lama"
261,tampilan oke pemesanan cepat langsung dapat
428,"aplikasi mudah digunakan, enggak ribet mau ganti jadwal pembatalan tiket cukup lewat aplikasi."
545,"versi baru memang lebih menarik dengan tanpilan dan fitur baru, saya pesan tiket enggak usah dapat enggak ada lagi tuh macet lambat semua lancar-lancar saja. kalau saya suka dengan pembayaran qrisnya lebih simel"
421,setelah diperbarui ke fitur baru jadi lambat banget :(((
231,lebih mudah memakai aplikasi ini untuk pergi jauh dan tidak perlu repot-repot mengantre lebih cepat juga
271,jadi ribet pengoperasiannya
149,lancar banget. mau melakukan pembayaran juga gampang
124,"lebih baik jangan diperbarui dahulu, memang dari segi ui bagus, cuma masih banyak eror"
568,"sangat lancar buat pesan tiket kereta, pesan hotel juga bisa lewat kai sekarang"
494,"tampilan baru dikira aplikasi tambah bagus eh ternyata makin jelek, enggak bisa masuk lagi katanya idnum already exist, kalau kayak begini bagaimana mau pesan tiketnya lagi? jadi enggak guna aplikasinya"
185,"fiturnya lebih ribet & membingungkan. lebih simpel aplikasi sebelumnya., dy (tm)"
329,"pembaruan versi terbaru benar-benar makin bagus deh deh galam banget, sangat memudahkan daripada versi lama"
600,"aplikasinya kebanyakan fitur jembot, kebanyakan kreatif aplikasinya sampai enggak bisa dipakai"
473,"mau masuk lancar banget, proses ke pembayaran juga lancar, sampai-sampai waktu pembayaran hanya butuh waktu yang cepat enggak lama. ini aplikasi super lancar dari segala-segalanya"
302,biasanya lambat pol. tetapi setelah memperbarui malah lancar terus
247,sudah perbarui versi terbaru tampilanya gemas banget suka malah lancar banget juga
31,"makin di meningkatkan makin lancar pesan tiket juga makin mudah, tetapilannya juga lebih mordern suka banget lebih segar"
531,semenjak meningkatkan makin lancar untuk pembayaran makin memudahkan
388,"aplikasinya membantu banget apalagi kalau misalkan lagi butuh cepat tiket kereta, ditambah lagi bisa pesanan makanan via aplikasi juga"
581,"setelah memperbarui malah enggak lambat masuknya, dari segi tampilan makin oke dan performanya makin baik"
482,lemot banget buat beli dan cari tiket malah tambah enggak enak lunya aduh
607,"lebih baik jangan diperbarui dahulu, memang dari segi ui bagus, cuma masih banyak eror"
114,semenjak perbaruan pesan tiket kereta memuatnya lama banget. parah. jadi ketinggalan kereta gara-gara mau pesan tiket tetapi memuatnya gila lama banget. kecewa.
203,"makin di meningkatkan makin lancar pesan tiket juga makin mudah, tetapilannya juga lebih mordern suka banget lebih segar"
141,"sebelumnya saya sudah beli tiket pakai aplikasi lama, terus saya cek. di aplikasi tiket saya hilang tuh. pertanggungjawabannya bagaimana?"
444,mata saya lebih nyaman dengan warna biru khas kai daripada yang unggu
312,tampilan baru malah makin buruk.
7,kok tiba-tiba perbarui kaget sama logo dan mana barunya tetapi jadi makin lancar sih
535,aplikasi bagus banget setelah diperbarui sudah tidak ada eror dan lancar banget
19,"setelah memperbarui aplikasi jadi lambat sekali, sering tiba-tiba keluar sendiri, susah saat mau membeli tiket dan menyulitkan saat pemboardan"
172,"dapat pesan tiket sambil rebahandy ~, mudah pilih kursi sesuai selerady ~ ke"
479,"lancar di telepon selulerku tetapi dengan spesifikasi lumayan tinggi lo, enggak tahu kok orang-orang bilanyalamot banget tetapi di aku lancar. banyak promo hotel juga"
478,"penyegaran ui / ux nya sangat membantu sekali, terus tingkatkan pelayanan dan pengembangan aplikasi, selalu terima masukan dari pengguna jadikan bahan evaluasi agar lebih baik lagi."
25,mata saya lebih nyaman dengan warna biru khas kai daripada yang unggu
398,tampilannya lebih suka yang dahulu lebih ikonis dy (tm) f
470,"kualitasnya lebih baik untuk baru diperbarui, saya mau pesan tiket juga makin mudah sudah tidak eror dan lambat"
368,selaraskan antara kebijakan dan keandalan aplikasinya. jangan buat peraturan untuk calon penumpang kereta lokal harus pesan tiket lewat aplikasi tetapi aplikasinya tak bisa diandalkan. kecepatan pelayanan melalui aplikasi juga menjadi daya tarik calon penumpang. jangan sampai membuat penumpang menjadi kurang nyaman dengan performa aplikasi yang buruk.
433,setelah diperbarui dan tampilan baru malah lebih. parah erornya. memuat lama. lemot.. malah setelah pembaruan data untuk berubah bagaimana ini tim. it-nya
245,"semenjak perbarui aplikasi sudah enggak lambat, tetapi tampilan membingungkan. kereta yang penuh masih muncul untungnya pesan tiket sama bayarnya aman dan gampang banget."
334,"pembaruan otomatis, biasanya tiket kereta yang sudah habis enggak ditampilkan ini yang sudah habis ditampilkan kira masih tersedia"
154,"begini dong lancar servernya yang kemarin kok koneksinya timeout terus, kalau diplikasi yang baru bisa saat set pesan tiket"
126,"saat ini aplikasinya malah jadi kurang membantu detail kendala. memuatnya lama sekali, saat mau cek jadwal komuter line susah sekali mencari nama stasiun. memakan banyak waktu memuat namun hasil pencarian malah tidak keluar."
363,"tampilan jauh lebih baik dengan fitur unggulan terbarunya yang menarik, terima kasih kai aplikasinya bagus dan lancar tidak ada masalah"
113,"dari segi performa kai akses terbaru lebih baik daripada sebelumnya, pesan tiek makin mudah dan bayarnya bisa pakai qris ada fiturbuat pesan hotel juga lengkap"
173,"setelah memperbarui malah makin lancar enggak lambat, sebelumnya saat masuk ke aplikasinya lambat banget, sekarang yang mau bli tiket atau mau berpergian naik kereta jadi mudah apalagi yang mau pergi kerja"
57,pembayaran enggak ribet pakai kaipay makin mempermudah pengguna kai buat pesan tiket sih ini fiturbarunya satset parah lagi
340,"lambat banget si habis meningkatkan tetapi kualitas malah unduh, bolak-balik pemesanan tinggal bayar saja lemotnya masyaallah. mau apa sih"
222,"mudah buat cari dan pesan tiket, kemarin sudah transaksi qris sukses tiket buat besok pp sangat memudahkan enggak perlu bingung-bingung lagi."
17,diperbarui malah bisa beli tiket dengan mudah. lancar terus. ui-nya yang diperbaiki juga lebih keren. lebih baik dari versi yang lama. versi yang baru bagus banget performanya.
316,kai pancen oke.
255,"setelah diperbarui malah makin mudah untuk metode pembayaran dapat lewat ovo, tautan saja, dana"
505,setelah diperbarui ke fitur baru jadi lambat banget :(((
589,"kualitasnya lebih baik untuk baru diperbarui, saya mau pesan tiket juga makin mudah sudah tidak eror dan lambat"
190,sejak diperbarui malah makin mudah aplikasinya enggak lambat lagi. mudah sekali ketika cek tiket dan ketika menyelesaikan langkah setep setelah isi data penumpang. pembaruan terbaru ini sangat membantu saya puas
367,"setelah diperbarui malah makin mudah untuk metode pembayaran dapat lewat ovo, tautan saja, dana"
541,pakai aplikasi dahulu setiap mau pesan tiket sering gagal tetapi di aplikasi sekarang selalu berhasil dan lebih cepat juga tidak lambat
321,tampilan oke pemesanan cepat langsung dapat
94,"lemot saat masuk menu. saat lambat kadang akun sudah keluar, lalu saat masuk lagi sudah masuk."
180,"versi terbaru, tetapi makin buruk. masuk via surel dan nomor telepon seluler tetap saja berkecambah"
527,"sudah perbarui bukannya makin bagus malah jadi makin membuat emosi, saat pembayaran menggunakan e-wallet jadi susah sekali, kata sandi ovo yang saya punya tidak bisa muncul dan dikatakan pembayaran gagal padahal saya sudah perbarui ovo, kesal banget. lebih bagus kai access versi lama."
350,"parah enak versi dahulu. dahulu enggak bingung mau lihat tiket yang sudah dipesan di mana, sekarang kebanyakan printilan-printilan yang enggak guna banget sumpah"
456,"aplikasi enggak guna, kalau enggak bisa mengoperasikan aplikasi mending tidak saja, malah ditiadakan tidak aktif"
605,"bagus nih, tampilan enak dilihat, tetapi di gua enggak lambat kok tampilannya, enteng juga aplikasinya enggak berat"
5,pakai aplikasi dahulu setiap mau pesan tiket sering gagal tetapi di aplikasi sekarang selalu berhasil dan lebih cepat juga tidak lambat
45,aplikasi baru alhamdulillah. lancar mau pesan tiket kak lokal jadi lebih gampang
311,lancar banget tidak kendala waktu mau pembayaran malah jadi efektif
412,lancar banget tidak kendala waktu mau pembayaran malah jadi efektif
485,fiturnya banyak. sepaket lambat juga minta ampun.
16,"sudah perbarui, ui yang baru tetapi kualitas makin buruk. mau lihat jadwal kerlu dari jalur rangkas - tanah abang saja enggak bisa"
48,bagus lancar.
595,"sebelumnya saya sudah beli tiket pakai aplikasi lama, terus saya cek. di aplikasi tiket saya hilang tuh. pertanggungjawabannya bagaimana?"
561,solusi pembelian tiket kereta api yang mudah
3,tampilan yang makin memudahkan
357,"aplikasinya kebanyakan fitur jembot, kebanyakan kreatif aplikasinya sampai enggak bisa dipakai"
465,"setelah memperbarui enggak ada masalah, masuk aman, cek fitur lain aman, aplikasinya lebih lembut. padahal telepon selulerku kentang lo dy? ps"
407,aplikasinya mempermudah dan bagus
496,saya senang dengan pembaruan aplikasi ini. karena di aplikasi kai accesa saat ini saya bisa melakukan perbarui nomor telepon seluler. karena di aplikasi sebelumnya tidak bisa dan sering gagal. ditambah fitura-fitura terbarunya yang sangat membantu penggunanya. buat performanya juga makin canggih dan makin cepat
320,dalam proses pemesanan tiket lebih mudah dan tidak memakan waktu memakan waktu lama lebih baik daripada versi yang dahulu
225,"tambah lambat, fitur tambah tetapi sistem enggak mendukung"
26,"setelah memperbarui malah lambat, susah melakukan pemesanan, tolong diperbaiki"
450,"pembaruan terbaru, tampilan terbaru, bukannya memperbaiki, malah mempersulit, tiket sudah habis untuk apa masih pada menongol. lebih suka tampilan yang lama, simpel dan tidak beribet"
263,"aplikasi perbaruan terbaru bagus, tetapi saran aku baiknya harga-harga tiket yang sudah habis terjual, ditaruh paling bawah seperti aplikasi sebelumnya supaya enggak bingung. kalau sekarang dikira masih ada tiketnya, ternyata tidak sesuai harapan."
50,"cepat senyap, simpel. oh berangkat."
229,"poin penting ulasan kai access > access by kai 1. dari semua yang paling mencolok adalah fitur pemesanan opsi railfood dan layanan lainnya seharusnya tidak perlu masuk, biarkan itu dipesan sendiri. karena menurut saya jadi tidak efisien saat masa hari raya yang lalu lintas pemesanan tiket padat, apalagi jika dikejar waktu. 2. kemudian pemilihan kursi, tampilan denah kursi terlalu besar sehingga harus gulir lama dan tidak ramah penggunaan, begitu kiga dengan opsi gerbong yang ada di bawah seperti itu."
37,"ditingkatkan malah tambah lancar, dari proses masuk sampai pambayran tiket"
157,di meningkatkan tambah satset
237,aplikasi versi lama suka lama kalau sudah masuk ke pembayaran tetapi versi baru ini jadi lebih lancar dan mudah buat cari & pesan tieknya
590,aplikasinya sangat mudah digunakan tambah bagus dan tidak lambat
175,yang baru lucu tetapi lambat parah.
517,baru buka aplikasi saja kok sudah lambat ya? padahal sudah ditingkatkan
369,"setelah ditingkatkan jadi susah pesan tiketnya, sering pesan dengan metode pembayaran tautan saja, padahal di telepon seluler sudah terpasang aplikasinya tetapi disuruh unduh"
194,"setelah memperbarui jadi makin lancar, untuk buka aplikasinya langsung satset, tetapi menurut saya tampilan antarmukanya bagusan yang sebelumnya"
519,aplikasi terbaru otomatis. tampilannya sekarang tambah ribet dan bikin bingung. lebih simpel tampilan yang lama. seharusnya kalau memang ada perbarui lebih mempermudah. ini malah sebaliknya.
344,"habis memperbarui malah ribet dan sangat sangat lambat, tolong dibenahi lagi apa karena masih baru memperbarui belum dilalukan percobaan atau bagaimana, cota di pencarian stasiun kereta sangat lambat memuatnya dan stasiun tidak ditemukan padahal di versi sebelumnya bisa langsung bertemu dan cepat, pilih tempat duduk memuat sampai 20 menit belum selesai akhirnya beli di traveloka saja, kembalikan ke versi sebelumnya saja, di tes dahulu sampai benar-benar jalan semua fiturnya sebelum aplikasinya diluncurkan buat umum, semoga dibenarkan"
594,tampilan oke pemesanan cepat langsung dapat
525,"tampilan yang sekarang bagus dan mudah, sangat nyaman"
67,"saat ini aplikasinya malah jadi kurang membantu detail kendala. memuatnya lama sekali, saat mau cek jadwal komuter line susah sekali mencari nama stasiun. memakan banyak waktu memuat namun hasil pencarian malah tidak keluar."
338,"banyak fitur dan pilihannya tetapi enggak busa sama saja kalau tidak bisa terakses, lebih running sama versi yang lamanya, merugikan konsumen apabila ada sesuatu mendesak dan butuh reshcedulle tiket tetapi enggak bisa, sudah coba telepon dan tanya ke 021121 servis center juga enggak ada solusi, sudah saya coba manual copot kemudian unduh pasang lagi. sama saja enggak bisa. harus jadi perhatian dong ini"
168,"setelah memperbarui jadi mudah buat masuk, enggak butuh waktu yang lama untuk masuk. keren nih aplikasi terbarunya"
533,"setelah memperbarui yang terbaru tampilan oke, kualitasnya juga bagus banget. memuat pas buka aplikasinya juga enggak lama, pas mau ke pembayaran juga lancar banget, pembayarannya dapat dilakukan dengan mudah. ini nih aplikasi yang kita butuhkan cepat, simpel, dan mudah."
162,fiturnya banyak. sepaket lambat juga minta ampun.
309,lemot.! mau pesan tiket lokal saja lama memuatnya! pesan harus daring tetapi aplikasinya lambat parah. sudah sulit jadi makin dipersulit
193,diperbarui bukannya makin bagus malah makin buruk. tidak sesuai simpel praktis dahulu. banyak iklan.
152,solusi pembelian tiket kereta api yang mudah
346,"pembaruannya bagus, bagus banget, apalagi tampulannya jadi lebih baru"
356,lebih mudah untuk pemesanan tiket
226,"jarang banget mengasih ulasan begini, tetapi ini pasti super lambat banget, kukira makin baik, eh cuma tampilannya doang, masa mau buka aplikasi saja lemot pol, kalau kayak begini, kan enggak bisa bur ""buka pas mau penipuan kode ya"
352,"kai access terbarui fiturnya makin lengkp tetapi enggak lambat dan lancar juga, pesan tiket kereta lancar seperti biasanya"
103,"cari tiketnya jadi sedikit menyusahkan, harus lemah dahulu, kurang jelas tiket mana yang tersedia sekali, jelas tampilan di versi sebelumnya. dan jadi tidak bisa menyesal tiket yang tersedia sedih menurut harga, dsb.. yang tersorting hanya judul besar tiket. sarannya mungkin dikembalikan saja tampilan tiketnya seperti versi sebelumnya, menurut saya itu sudah sangat jelas"
415,"lebih baik jangan diperbarui dahulu, memang dari segi ui bagus, cuma masih banyak eror"
74,"pembaruannya bagus, tetapi susah sekarang daftar kaipaynya, sudah begitu bayar pakai kai juga susah"
447,"setelah memperbarui malah fitur lama, ini aplikasi baru sekali atau memperbarui versi saja? kalau memperbarui seharusnya tidak mengganggu fitur yang sudah ada, tetapi ini malah merusak fitur lama"
593,aplikasi terbaru otomatis. tampilannya sekarang tambah ribet dan bikin bingung. lebih simpel tampilan yang lama. seharusnya kalau memang ada perbarui lebih mempermudah. ini malah sebaliknya.
119,sudah bisa pakai qris di kai access aya kai akun ada suka dengan pembayaran qris jadi lebih simpel ditambah uga aplikasinya makin satset
411,tampilan baru. bukan lebih mempermudah tetapi lebih mempersulit. kasihan kalau orang awam untuk melakukan pemesanan lewat aplikasi kai access.
434,diperbarui malah bisa beli tiket dengan mudah. lancar terus. ui-nya yang diperbaiki juga lebih keren. lebih baik dari versi yang lama. versi yang baru bagus banget performanya.
511,"aplikasi kai enggak pernah benar memang, bagaimana sih tim it-nya nih ah elah"
207,"setelah diperbarui jadi lebih baik enggak tidak sesuai harapan lagi baik dari performa fitur ""-nya dll. tampilan dan pengoperasian juga lebih efisien versi terbaru sumpah, versi lamanya menyebalkan. aneh"
353,"setelah diperbarui, aplikasinya makin lancar enggak lambat"
374,sudah sesuai harapan.
361,aplikasi bagus banget setelah diperbarui sudah tidak ada eror dan lancar banget
429,eror 'daftar pesanan kosong ditingkatkan gagal terus tumbid siap harga promo enggak bisa dipesan ditingkatkan begitu terus
8,fiturnya banyak. sepaket lambat juga minta ampun.
400,aplikasi bagus banget setelah diperbarui sudah tidak ada eror dan lancar banget
36,"pembaruan terbaru, tampilan terbaru, bukannya memperbaiki, malah mempersulit, tiket sudah habis untuk apa masih pada menongol. lebih suka tampilan yang lama, simpel dan tidak beribet"
139,"pembaruan otomatis, biasanya tiket kereta yang sudah habis enggak ditampilkan ini yang sudah habis ditampilkan kira masih tersedia"
253,"setelah ditingkatkan terbaru, sangat memuaskan programnya berubah dan menjadi lebih memuaskan. lebih mudah aplikasi yang terbaru daripada yang sebelumnya."
303,diperbarui bukannya makin bagus malah makin buruk. tidak sesuai simpel praktis dahulu. banyak iklan.
414,"metode pembayaran sangat terbatas, tidak ada fitur ganti nomor padahal nomor sudah tidak aktif, tidak ada tombol pembayaran jika tidak sengaja keluar dari aplikasi"
59,aplikasi sangat tidak rekomendasi. harusnya kan pakai palikasi supaya praktis ini malahan menjadi buang-buang waktu dan enggak bisa dipakai. benar-benar enggak efisien waktu. tolong dong it kai diperbaiki.
111,"dari segi performa kai akses terbaru lebih baik daripada sebelumnya, pesan tiek makin mudah dan bayarnya bisa pakai qris ada fiturbuat pesan hotel juga lengkap"
375,"mudah, lancar pembayarannya. yang tidak punya atm, bisa melalui indomaret, alfamart. mantap"
422,ha ini apa malah jadi enggak bisa dibuka sama sekali dari tadi buka cuma muncul logone tok enggak berfungsi sama sekali
451,pembaruan sangat tidak nyaman memang tampilan lebih baik tetapi buat apa tampilan baik kalau malah jadi lebih ribet tolong tampilkan harga tiket per kelas bukan per nama kereta sangat menyusahkan dan tolong kembalikan filter kelas pada filter pencarian
262,"pembaruan terbaru, tampilan terbaru, bukannya memperbaiki, malah mempersulit, tiket sudah habis untuk apa masih pada menongol. lebih suka tampilan yang lama, simpel dan tidak beribet"
513,bagus lancar dan pemuda kita untuk pesan tiket
297,tolong dong jangan diganti susah dan bingung jadinya mau pesan
150,"setelah diperbarui malah makin mudah untuk metode pembayaran dapat lewat ovo, tautan saja, dana"
266,tampilan oke pemesanan cepat langsung dapat
532,ternyata harus mengulang telepon seluler setelah perbarui aplikasi biar enggak lambat
359,pembuatan yang baru bagus dan lancar di pembayaran pakai qris-nya juga lancar
544,"banyak fitur dan pilihannya tetapi enggak busa sama saja kalau tidak bisa terakses, lebih running sama versi yang lamanya, merugikan konsumen apabila ada sesuatu mendesak dan butuh reshcedulle tiket tetapi enggak bisa, sudah coba telepon dan tanya ke 021121 servis center juga enggak ada solusi, sudah saya coba manual copot kemudian unduh pasang lagi. sama saja enggak bisa. harus jadi perhatian dong ini"
38,"sekelas aplikasi pemerintah jeleknya minta ampun, peladen jelek"
457,"pembaruannya bagus, bagus banget, apalagi tampulannya jadi lebih baru"
307,jadi enggak ramah tampilan pengguna barunya
198,"setelah diperbarui jadi lebih baik enggak tidak sesuai harapan lagi baik dari performa fitur ""-nya dll. tampilan dan pengoperasian juga lebih efisien versi terbaru sumpah, versi lamanya menyebalkan. aneh"
493,"kalau dibandingkan kai yang dahulu sama sekarang beda banget dari segi performanya makin lancar dari pesan tiket, bayarnya, tampilannya menarik juga ditambah fitur-fitur terbaru yang bermanfaat banget menurut saya"
377,tidak mengecewakan sih setelah diperbarui malah satset parah. ada promo kemerdekaan juga sangat membantu sekali terima kasih
146,"cari tiketnya jadi sedikit menyusahkan, harus lemah dahulu, kurang jelas tiket mana yang tersedia sekali, jelas tampilan di versi sebelumnya. dan jadi tidak bisa menyesal tiket yang tersedia sedih menurut harga, dsb.. yang tersorting hanya judul besar tiket. sarannya mungkin dikembalikan saja tampilan tiketnya seperti versi sebelumnya, menurut saya itu sudah sangat jelas"
499,"mudah buat cari dan pesan tiket, kemarin sudah transaksi qris sukses tiket buat besok pp sangat memudahkan enggak perlu bingung-bingung lagi."
546,saya mau lihat jadwal kereta sekaligus pesan tiket sudah lebih mudah. padahal sebelumnya lambat parah padahal waktu itu lagi mendesak.
147,saya mau lihat jadwal kereta sekaligus pesan tiket sudah lebih mudah. padahal sebelumnya lambat parah padahal waktu itu lagi mendesak.
449,"setelah ditingkatkan jadi susah pesan tiketnya, sering pesan dengan metode pembayaran tautan saja, padahal di telepon seluler sudah terpasang aplikasinya tetapi disuruh unduh"
348,masih bagus yang lama. setelah diperbarui malah bobrok
325,aplikasi bagus banget setelah diperbarui sudah tidak ada eror dan lancar banget
416,tampilan yang makin memudahkan
123,"aplikasi ini kerend $? (sih) jadi lebih mudah deh pesan tiket untuk bepergian, semangat sahabat kaidy? (si)"
518,"fitur reduksi harga dihilangkan, aplikasi juga sangat lambat! ciri khas bumn banget!"
96,"oke kok aplikasinya, semoga makin ditingkatkan."
143,"saat pesan memuatnya lama banget, pas dibatalkan dan pesan lagi malah kursi tidak tersedia"
239,tampilan baru malah makin lambat parah aplikasinya.
399,"minta pembaruan melulu semenjak tampilan baru, saya makin susah diakses dan jauh lebih ribet fiturnya"
97,"mau naik kereta api pesanannya makin mudah, aplikasi lancar."
371,"sistem basi, lemot, engginer aplikasi basi transfer tiket keburu kiamat otp surel deh benar muncul eror java terus"
324,"setelah ditingkatkan terbaru, sangat memuaskan programnya berubah dan menjadi lebih memuaskan. lebih mudah aplikasi yang terbaru daripada yang sebelumnya."
279,aplikasi bagus banget setelah diperbarui sudah tidak ada eror dan lancar banget
293,"mau naik kereta api pesanannya makin mudah, aplikasi lancar."
506,pembaruan terbaru malah jadi parah. tambah lemot dan tambah ribet
122,"banyak fitur dan pilihannya tetapi enggak busa sama saja kalau tidak bisa terakses, lebih running sama versi yang lamanya, merugikan konsumen apabila ada sesuatu mendesak dan butuh reshcedulle tiket tetapi enggak bisa, sudah coba telepon dan tanya ke 021121 servis center juga enggak ada solusi, sudah saya coba manual copot kemudian unduh pasang lagi. sama saja enggak bisa. harus jadi perhatian dong ini"
183,sangat membantu sekali
202,"pembaruan terbaru, tampilan terbaru, bukannya memperbaiki, malah mempersulit, tiket sudah habis untuk apa masih pada menongol. lebih suka tampilan yang lama, simpel dan tidak beribet"
323,tampilan yang makin memudahkan
246,"dari segi performa lebih baik dari versi sebelumnya, suka banget sama tampilan barunya"
443,"fitur kai pay ada penipuan karena tetapi tidak berfungsi apa apa, tidak bisa untuk pembayaran penipuan karena. saya yang salah atau aplikasinya yang salah ya, padahal ads saldo lumayan di situ, sisa dari pembelian tiket."
431,"mudah buat cari dan pesan tiket, kemarin sudah transaksi qris sukses tiket buat besok pp sangat memudahkan enggak perlu bingung-bingung lagi."
582,lebih mudah untuk pemesanan tiket
614,"izin menyampaikan kendala saat saya melakukan pendaftaran anggota, tepatnya setelah mendapatkan kode saya menekan tombol lanjutkan tetapi malah enggak bisa, saya pikir masalah sinyal tetapi tetap enggak bisa alhasil saya susah buat beli tiket karena harus daftar anggota terlebih dahulu"
543,"lumayan membantu membeli tiket kereta api tanpa admin huhudy ""y = dy"" y = lancar juga tidak ada kendala saat melakukan pemesanan, perbarui anggotanya kok susah admin obadahal sudah sesuai bagus yang sebelumnya, padah akan sebelumnya sudah banyak banget pesan tiketnya"
597,"cari tiketnya jadi sedikit menyusahkan, harus lemah dahulu, kurang jelas tiket mana yang tersedia sekali, jelas tampilan di versi sebelumnya. dan jadi tidak bisa menyesal tiket yang tersedia sedih menurut harga, dsb.. yang tersorting hanya judul besar tiket. sarannya mungkin dikembalikan saja tampilan tiketnya seperti versi sebelumnya, menurut saya itu sudah sangat jelas"
125,aplikasinya mempermudah dan bagus
402,"pembaruannya bagus, tetapi lebih bagus lagi kalau ada tema warna gelap."
452,aplikasi terbaru otomatis. tampilannya sekarang tambah ribet dan bikin bingung. lebih simpel tampilan yang lama. seharusnya kalau memang ada perbarui lebih mempermudah. ini malah sebaliknya.
438,fiturnya banyak. sepaket lambat juga minta ampun.
223,kaai acces saya sudah pesan tiket dan bayar pakai qris dana memudahkan banget
342,pembaruan baru bukan tambah baik malah tambah lambat. mending pakai yang sebelumnya sudah bagus kenapa kok diganti lagi. malah jadi semarwut. jadi aplikasi tidak fedah malahan. saran saya kembalikan seperti aplikasi sebelumnya saja mudah nyaman dan bagus
53,"beberapa hari terakhir jadi lambat banget proses pembayaran sama cek tiketnya, bisa sampai makan waktu 30 sampai 40 menit cuma untuk beli tiket, sama 10 menit cuma buat buka e-tiket untung saya masih ke kejar keretanya"
219,waktu may bayar sudah tidak memuat terus lebih baik dari sebelumnya performanya meningkat
129,"mohon maaf setelah memperbarui akses menjadi lebih lambat, tidak seperti pada aplikasi sebelumnya. saat memilih kursi timeout menunggu lama sekali. menghabiskan banyak waktu"
557,"tampilan yang sekarang bagus dan mudah, sangat nyaman"
526,"sudah makin lancar enggak lambat lagi, tetapi tampilan masih enak dahulu. tampilan sekarang kayak pelangi, perpaduan warna kurang cocok"
584,setelah diperbarui ke fitur baru jadi lambat banget :(((
559,"tampilan yg sekarang bagus dan mudah, sangat nyaman"
420,sudah banyak plusnya daripada yang lama metode pembayaran juga banyak beli tiket ka jadi sangat mudah banget lacar juga
100,"baru kali ini kecewa, memperbarui yang terbaru bukannya makin bagus, malah makin lambat. mau masuk harus menunggu lama, mau pesan tiket jadi susah. mohon untuk segera ada solusinya dy (tm)"
563,"versi baru memang lebih menarik dengan tanpilan dan fitur baru, saya pesan tiket enggak usah dapat enggak ada lagi tuh macet lambat semua lancar-lancar saja. kalau saya suka dengan pembayaran qrisnya lebih simel"
386,"pembaruannya bagus, tetapi susah sekarang daftar kaipaynya, sudah begitu bayar pakai kai juga susah"
596,aplikasi terbaru otomatis. tampilannya sekarang tambah ribet dan bikin bingung. lebih simpel tampilan yang lama. seharusnya kalau memang ada perbarui lebih mempermudah. ini malah sebaliknya.
294,sudah enggak lambat lagi mau pesan tiket lokal tiket antarkota semua pakai daring tetapi aplikasinya lancar parah enggak lambat. jadi makin memudahkan juga setelah diperbarui huhu suka.
267,bikin aplikasi kok sampai enggak bisa diakses / eror. sampai hampir enggak bisa dapat tiket di aplikasi gara-gara eror. akhirnya ya manual di stasiun.
490,"alhamdulillah jadi lebih mudah. lancar, dahulu susah banget kalau mau hapus surel (akun) karena sudah tidak aktif, sekarang kalau mau ganti nomor caranya sudah gampang banget. suka"
467,setelah aplikasi diperbarui makin lancar banget. sangat memudahkan.
112,pakai aplikasi dahulu setiap mau pesan tiket sering gagal tetapi di aplikasi sekarang selalu berhasil dan lebih cepat juga tidak lambat
179,sudah banyak plusnya daripada yang lama metode pembayaran juga banyak beli tiket ka jadi sangat mudah banget lacar juga
446,aplikasi versi lama suka lama kalau sudah masuk ke pembayaran tetapi versi baru ini jadi lebih lancar dan mudah buat cari & pesan tieknya
523,"metode pembayaran sangat terbatas, tidak ada fitur ganti nomor padahal nomor sudah tidak aktif, tidak ada tombol pembayaran jika tidak sengaja keluar dari aplikasi"
477,"aplikasinya sekarang sudah tidak sering eror, jadi waktu mau memesan tiket selalu lancar tidak kehabisan waktu, pembayarannya juga mudah dengan menggunakan qris"
373,setelah memperbarui tambah lambat pak
314,terima kasih tampilan baru lebih intuitif
151,"membantu sekali, mantap pokoknya"
171,"pembaruan versi terbaru benar-benar makin bagus deh deh galam banget, sangat memudahkan daripada versi lama"
233,diperbaharui malah susah dibuka. menyusahkan.
306,lebih suka tampilan aplikasi yang dahulu
453,"kai access yang sudah diperbarui erornya sudah enggak eror sudah normal semua mulai pesan tiket, pembayaran dll.-nya"
164,"fitur reduksi harga dihilangkan, aplikasi juga sangat lambat! ciri khas bumn banget!"
317,saya senang dengan pembaruan aplikasi ini. karena di aplikasi kai accesa saat ini saya bisa melakukan perbarui nomor telepon seluler. karena di aplikasi sebelumnya tidak bisa dan sering gagal. ditambah fitura-fitura terbarunya yang sangat membantu penggunanya. buat performanya juga makin canggih dan makin cepat
136,"pembaruannya bagus, tetapi lebih bagus lagi kalau ada tema warna gelap."
410,"pembaruan otomatis, biasanya tiket kereta yang sudah habis enggak ditampilkan ini yang sudah habis ditampilkan kira masih tersedia"
197,"mudah, lancar pembayarannya. yang tidak punya atm, bisa melalui indomaret, alfamart. mantap"
579,"ternyata tidak sepenuhnya memudahkan proses pengembapan, tetap diminta ktp untuk pengecekan. apa gunanya kita mengisi data pribadi saat buat akun kalau hanya bikin ribet cek ktp? aplikasi tidak berguna. dyy = + - dyy = + - tambahan tampilan juga bikin ribet kalau mau pilih kereta, beda dengan aplikasi sebelumnya, jadi menyesal ditingkatkan ke access kaidyy = + - dyy = + -"
258,"izin menyampaikan kendala saat saya melakukan pendaftaran anggota, tepatnya setelah mendapatkan kode saya menekan tombol lanjutkan tetapi malah enggak bisa, saya pikir masalah sinyal tetapi tetap enggak bisa alhasil saya susah buat beli tiket karena harus daftar anggota terlebih dahulu"
232,"poin penting ulasan kai access > access by kai 1. dari semua yang paling mencolok adalah fitur pemesanan opsi railfood dan layanan lainnya seharusnya tidak perlu masuk, biarkan itu dipesan sendiri. karena menurut saya jadi tidak efisien saat masa hari raya yang lalu lintas pemesanan tiket padat, apalagi jika dikejar waktu. 2. kemudian pemilihan kursi, tampilan denah kursi terlalu besar sehingga harus gulir lama dan tidak ramah penggunaan, begitu kiga dengan opsi gerbong yang ada di bawah seperti itu."
115,"baru kali ini kecewa, memperbarui yang terbaru bukannya makin bagus, malah makin lambat. mau masuk harus menunggu lama, mau pesan tiket jadi susah. mohon untuk segera ada solusinya dy (tm)"
120,sangat bermanfaat mudah sekali untuk memesan tiket kereta dibanding pakai aplikasi tiket daring yang lain
592,"aplikasi lebih ringan, dan mudah untuk digunakan, juga penambahan fiturnya lengkap"
503,"keren si ini, nyaman aplikasinya. sering pesan tiket lewat pakai aplikasi kai acces"
376,"dih gemas banget sama aplikasi kai yang sekarang mengapa sih pakai di ubah segala enak yang dahulu sekarang lambat pol fitur-fiturnya juga enggak jelas, jelas dan yang dahulu tolong deh kembalikan aplikasi kai yang dahulu saja dyssdys"
384,iya sih makin lancar tetapi aplikasi yang baru tidak efektif dalam pemilihan kursi. tampilan kursi mending di aplikasi yang lama lebih efektif dan efisien
224,"mudah buat cari dan pesan tiket, kemarin sudah transaksi qris sukses tiket buat besok pp sangat memudahkan enggak perlu bingung-bingung lagi."
583,"tampilan baru memang terlihat segar, tetapi ya ampun enggak selama ini juga memuatnya dong"
486,kaai acces saya sudah pesan tiket dan bayar pakai qris dana memudahkan banget
347,selaraskan antara kebijakan dan keandalan aplikasinya. jangan buat peraturan untuk calon penumpang kereta lokal harus pesan tiket lewat aplikasi tetapi aplikasinya tak bisa diandalkan. kecepatan pelayanan melalui aplikasi juga menjadi daya tarik calon penumpang. jangan sampai membuat penumpang menjadi kurang nyaman dengan performa aplikasi yang buruk.
127,sangat lambat
606,"lumayan membantu membeli tiket kereta api tanpa admin huhudy ""y = dy"" y = lancar juga tidak ada kendala saat melakukan pemesanan, perbarui anggotanya kok susah admin obadahal sudah sesuai bagus yang sebelumnya, padah akan sebelumnya sudah banyak banget pesan tiketnya"
445,"kok tampilannya lebih enak yang dahulu ya, diperbarui malah jadi ruwet"
285,pembayaran enggak ribet pakai kaipay makin mempermudah pengguna kai buat pesan tiket sih ini fiturbarunya satset parah lagi
567,solusi pembelian tiket kereta api yang mudah
43,"saran untuk para pengurus di kai. ini zaman sudah modern segala hal digital sudah serba cepat. ini masa saya batal kan tiket, pengembalian dananya menunggu 30 - 45 hari? sekalian saja setahun baru transfer dananya."
107,"baru diperbarui aplikasinya lancar terus, enggak bikin menggunakan lama"
534,"mudah, lancar pembayarannya. yang tidak punya atm, bisa melalui indomaret, alfamart. mantap"
472,"aplikasi perbaruan terbaru bagus, tetapi saran aku baiknya harga-harga tiket yang sudah habis terjual, ditaruh paling bawah seperti aplikasi sebelumnya supaya enggak bingung. kalau sekarang dikira masih ada tiketnya, ternyata tidak sesuai harapan."
133,"alamdulillah setelah memperbarui akses menjadi lebih lancar, tidak seperti pada aplikasi sebelumnya lemot. saat memilih kursi timeout tidak perlu menunggu waktu lama & membuang waktu"
440,memudahkan dalam perjalanan cepat juga pendukung buat yang suka bepergian.
61,aplikasi terbaru otomatis. tampilannya sekarang tambah ribet dan bikin bingung. lebih simpel tampilan yang lama. seharusnya kalau memang ada perbarui lebih mempermudah. ini malah sebaliknya.
44,cukup membantu dalam mencari informasi mengenai jadwal ka dan promo
169,ini penurunan bukan meningkatkan. buruk
65,semenjak perbaruan pesan tiket kereta memuatnya lama banget. parah. jadi ketinggalan kereta gara-gara mau pesan tiket tetapi memuatnya gila lama banget. kecewa.
283,"saya pelanggan setia kali merasa paus dengan versi terbarunya memudahkan dalam segala hal pesan tiket mudah, cek tiket kereta mudah, bayarnya mudah, fitur tambahan yang juga berguna bagi saya. salutnya dengan tambahan fitur yang banyak tapi masih lancar terus enggak lambat lambat"
85,"halo, menurut saya penggunaan aplikasi kali acces terbaru ini kurang memuaskan karena sistem yang kurang responsif membuat saya melakukan pembayaran melalui kai - pay dengan tiket yang sama, padahal niat awal hanya ingin merefresh saja. tolong dibenahi supaya tidak ada konsumen yang mengalami hal kurang menyenangkan seperti saya, terima kasih."
242,aplikasinya mempermudah dan bagus
186,"setelah memperbarui malah enggak lambat masuknya, dari segi tampilan makin oke dan performanya makin baik"
326,"parah enak versi dahulu. dahulu enggak bingung mau lihat tiket yang sudah dipesan di mana, sekarang kebanyakan printilan-printilan yang enggak guna banget sumpah"
159,"saya beli tiket 1 tetapi kok bayarnya dobel? saya isi saldo kai pay 30 ribu, harga tiket kereta api lokal 12.000, saya beli tiket untuk 1 orang saja. kok tiba-tiba saldo saya tinggal 6.000? kok pembayaran bisa dobel begitu, tolong pihak kai kejelasaannya"
12,"aduh repot banget sih, tiket saya hilang karena enggak bisa masuk ke akun lama"
35,"versi terbaru, tetapi makin buruk. masuk via surel dan nomor telepon seluler tetap saja berkecambah"
28,"lumayan membantu membeli tiket kereta api tanpa admin huhudy ""y = dy"" y = lancar juga tidak ada kendala saat melakukan pemesanan, perbarui anggotanya kok susah admin obadahal sudah sesuai bagus yang sebelumnya, padah akan sebelumnya sudah banyak banget pesan tiketnya"
170,dalam proses pemesanan tiket lebih ribet dan memakan waktu yang lebih lama daripada versi yang dahulu
142,"pembaruannya bagus, tetapi susah sekarang daftar kaipaynya, sudah begitu bayar pakai kai juga susah"
236,"lemot banget banget, setiap mau buka memuatnya lama padahal jaringan sudah bangus terus aplikasinya harus ditingkatkan. setiap mau buka harus masukkan otp-nya entah lewat surel / sms, padahal sebelumnya pernah kasih otp,"
539,"sangat lancar buat pesan tiket kereta, pesan hotel juga bisa lewat kai sekarang"
514,aplikasi versi lama suka lama kalau sudah masuk ke pembayaran tetapi versi baru ini jadi lebih lancar dan mudah buat cari & pesan tieknya
577,"ini setelah diperbarui kenapa aplikasinya jadi lambat banget admin, bahkan keluar sendiri, pas mau masuk jadi enggak bisa masuk keterangannya ""failed request"" padahal udah biasa dahulu pakai kai acces, tolong dong kalau memang harus pakai aplikasi, aplikasinya ya dibikin simpel dan mudah aksesnya jangan jadi malah susah begini."
221,tampilan barunya malah bikin bingung
558,ternyata harus mengulang telepon seluler setelah perbarui aplikasi biar enggak lambat
95,"habis tak memperbarui tampilkan baru malah makin bagus dan jadi makin lancar, mau cari tiket juga gampang"
51,ha ini apa malah jadi enggak bisa dibuka sama sekali dari tadi buka cuma muncul logone tok enggak berfungsi sama sekali
240,ini kenapa kok enggak bisa bayar pakai tautan saja
522,"setelah memperbarui yang terbaru tampilan oke, kualitasnya juga bagus banget. memuat pas buka aplikasinya juga enggak lama, pas mau ke pembayaran juga lancar banget, pembayarannya dapat dilakukan dengan mudah. ini nih aplikasi yang kita butuhkan cepat, simpel, dan mudah."
351,"setelah memperbarui enggak ada masalah, masuk aman, cek fitur lain aman, aplikasinya lebih lembut. padahal telepon selulerku kentang lo dy? ps"
530,aplikasi berat banget. benarkanlah mau pergi pergi naik kereta jadi susah. pembaruan malah bikin aplikasi rusak
178,tampilan baru. bukan lebih mempermudah tetapi lebih mempersulit. kasihan kalau orang awam untuk melakukan pemesanan lewat aplikasi kai access.
460,aplikasi diperbarui malah langkah selamat tinggal banget ya allah bagaimana kalau yang buru-buru dyy = oh waktu pembayaran juga habis sama lambat!
540,kesulitan untuk pembayaran via qris. padahal aplikasi sebelum diperbarui aman tanpa kendala. eror.
41,aplikasi versi lama suka lama kalau sudah masuk ke pembayaran tetapi versi baru ini jadi lebih lancar dan mudah buat cari & pesan tieknya
569,"dari segi performa kai akses terbaru lebih baik daripada sebelumnya, pesan tiek makin mudah dan bayarnya bisa pakai qris ada fiturbuat pesan hotel juga lengkap"
536,"aplikasi ini kerend $? (sih) jadi lebih mudah deh pesan tiket untuk bepergian, semangat sahabat kaidy? (si)"
206,"setelah memperbarui, aplikasi sering bermasalah. (1) tidak bisa masuk ke aplikasi setelah pengisian kode otp karena selalu memuat sehingga harus menunggu diblokir 1 jam karena terlalu sering masukkan kode otp (2) ingin melakukan pembayaran melalui qris namun kode qris tidak kunjung muncul sehingga tidak bisa bayar tiket (3) jenis kelamin sudah diubah namun setelah di-refresh kembali lagi ke jenis kelamin yang salah (tertukar antara laki dan perempuan) untuk semua penumpang."
392,"setelah memperbarui jadi pengguna dan enggak ribet. qris juga sudah ke deteksi waktu bayar, enggak perlua waktu lama buat bayarnya cepat langsung bisa selesai"
282,"setelah memperbarui jadi lancar, tetapi tampilan antarmukanya bagusan yang sebelumnya"
358,bagus
397,the besta (tm) y = dy (tm)
254,semenjak memperbarui jadi tidak berat tetapi tampilan ininya saya enggak nyaman
515,iya sih makin lancar tetapi aplikasi yang baru tidak efektif dalam pemilihan kursi. tampilan kursi mending di aplikasi yang lama lebih efektif dan efisien
217,"terlalu bnyak menu semakin lemot aplikasinya...."
4,aplikasinya sangat mudah digunakan tambah bagus dan tidak lambat
256,"setelah memperbarui aplikasi menjadi sangat lambat di semua fiturnya, terutama di fitur tiket saya! tiket yang sudah dibeli lama sekali prasmanannya menyebabkan kelamaan menunggu dipenukaran tiket / cetak pemboardan. dan fitur kereta untuk membeli tiker antar kota pun demikian begitu lambat pertanya. mungkin seharusnya dicoba terlebih dahulu di internal kai jangan langsung main perbarui tetapi aplikasi belum bisa maksimal."
578,semenjak pembaruan aplikasi jadi ringan dan lancar banget
547,baru buka aplikasi saja kok sudah lambat ya? padahal sudah ditingkatkan
98,"diperbarui malah lancar banget yang dahulu rada ""lemot soalnya, buat pesan tiket & bayarnya lebih mudah sekarang"
406,tampilan baru malah makin buruk.
502,"sudah perbarui, ui yang baru tetapi kualitas makin buruk. mau lihat jadwal kerlu dari jalur rangkas - tanah abang saja enggak bisa"
47,perbaiki aplikasinya bagus sekali pesan kak lokal deh makin mudah daripada yang dahulu
32,pembuatan yang baru bagus dan lancar di pembayaran pakai qris-nya juga lancar
200,ada pembaruan bukannya tambah oke malah buruk
134,"sebelumnya saya sudah beli tiket pakai aplikasi lama, terus saya cek. di aplikasi tiket saya hilang tuh. pertanggungjawabannya bagaimana?"
27,"setelah memperbarui jadi lancar, tetapi tampilan antarmukanya bagusan yang sebelumnya"
538,alhamdulillah beberapa kali perjalanan pesan tiket lewat aplikasi ini lancar jaya tanpa ada kendala apapun. dan di loket cekkan cukup menunjukkan barkot di tiket daring saja tanpa perlu mencerak / cetak dahulu. semoga makin sukses kai
230,baru tahu kai access ada pembaruan. pas mau pesan tiket aplikasinya lancar banget
489,pembaruan terbaru malah jadi parah. tambah lemot dan tambah ribet
378,"ternyata tidak sepenuhnya memudahkan proses pengembapan, tetap diminta ktp untuk pengecekan. apa gunanya kita mengisi data pribadi saat buat akun kalau hanya bikin ribet cek ktp? aplikasi tidak berguna. dyy = + - dyy = + - tambahan tampilan juga bikin ribet kalau mau pilih kereta, beda dengan aplikasi sebelumnya, jadi menyesal ditingkatkan ke access kaidyy = + - dyy = + -"
288,"secara user interface lebih baik yang sebelumnya, mungkin ya memang lebih terkesan moderen atau bagus dipandang. Namun sedikit saran untuk bagian pemilihan tiket apabila semua tiket pada kategori tersebut habis maka seharusnya otomatis turun atau pindah ke bawah seperti dulu, serta harusnya ada perubahan harga dari harga mulai dari menjadi tiket paling murah yang tersedia sehingga lebih memudahkan percarian tiket sesuai kebutuhan"
Apk sering error aneh udah update malah rasanya kayak downgrade sering tidak bisa pembayaran melalui qris sering gagal udak top up dana, link aja, ovo, tetep tidak bisa aneh banget qris nya sering gagal sampe uang habis cuma buat top up apk" tersebut tatapi tidak berguna. Sama apk nya lemot banget badahal sinyal kenceng hp juga spek lumayan. Aneh banget dah apk nya
418,tampilan baru. bukan lebih mempermudah tetapi lebih mempersulit. kasihan kalau orang awam untuk melakukan pemesanan lewat aplikasi kai access.
391,"pliss kai segera perbaiki aplikasinya secepatnya!, setelah perbarui benar-benar aplikasi tidak membantu! apalagi beli tiket lokal harus pakai aplikasi enggak bisa di luar. pas mau beli malah lemot banget, sangat percuma penampilan bagus tetapi enggak fungsional. tolong banget segera perbaiki, tadi pagi saya telat naik kereta dan enggak jadi naik gara-gara lambat aplikasinya! lemotnya di semua mau pas masuknya. memilih tiketnya, pembayaran dll. dikasih waktu 5 menit buat bayar tetapi waktunya habis sama memuat, sudah ganti penyedia tetap."
498,"saat ini aplikasinya malah jadi kurang membantu detail kendala. memuatnya lama sekali, saat mau cek jadwal komuter line susah sekali mencari nama stasiun. memakan banyak waktu memuat namun hasil pencarian malah tidak keluar."
138,tampilan baru malah makin buruk.
62,tampilan memang bersenang-senang dan youth. fasilitas lebih banyak tetapi masih belum berfungsi. tetapi namanya jadi tidak spesial. orang lebih mudah mencari kai dari pada access. nama kai access lebih keren dan spesial menunjukkan identitas aplikasi pesan tiket kereta api. lah kalau access ini maknanya apa? revamp ya revamp. tetapi enggak jadi lebih aneh begitu. jadi ingat bikin stasiun tetapi lupa buat jalan akses. kan aneh. hem mungkin mau buat kayak livin melalui mandiri
471,"fitur lebih banyak dan tampilan lebih bagus tetapi sayang lambat minta ampun, untuk memilih tempat duduk lama sekali, pembayaran tinggal menunggu kode pembayaran lama dan akhirnya time out, akhirnya jadi enggak dapat tiket, padahal ini untuk perjalanan mendadak. beda jauh dengan waktu aplikasi yang lama, saat set bisa cepat enggak memuat terus."
128,diperbarui malah bisa beli tiket dengan mudah. lancar terus. ui-nya yang diperbaiki juga lebih keren. lebih baik dari versi yang lama. versi yang baru bagus banget performanya.
599,"sudah perbarui jadi makin bagus malah jadi makin memudahkan, saat pembayaran menggunakan e-wallet jadi mudah sekali, lebih bagus daripada kai access versi lama."
520,"waktu pemesanan habis terus, pembayaran terganggu, aplikasi lambat, enggak bisa ganti kursi penumpang. niat bikin aplikasi apa enggak sih?. surel yang saya kirim segera dicek, di situ ada video kendalanya. jangan merespons seperti bot. pesan tiket ka lokal eror. tolong perbaiki"
64,"lancar di telepon selulerku tetapi dengan spesifikasi lumayan tinggi lo, enggak tahu kok orang-orang bilanyalamot banget tetapi di aku lancar. banyak promo hotel juga"
14,"ini bagaimana aplikasi barunya kok eror? saya mau pesan tiket jadi enggak bisa, gara-gara tiap mau bayar selalu time tekan padahal baru saja di klik tiba-tiba sudah time tepat, sampai saya keluar dan copot ulang tetap enggak bisa, mau hapus akun saja sekalian juga enggak bisa, alasannya karena ada tiket perjalanan yang belum selesai padahal tidak ada sama sekali orang mau beli tiket baru saja enggak bisa kok. bagaimana dong ini solusinya? jadi susah mau beli tiket harus menyuruh adik saya pakai akunnya"
156,bagus. benar-benar bagus baik performa & tampilan
40,tampilan oke pemesanan cepat langsung dapat
492,"makin di meningkatkan makin lancar pesan tiket juga makin mudah, tetapilannya juga lebih mordern suka banget lebih segar"
379,"alhamdulillah jadi lebih mudah. lancar, dahulu susah banget kalau mau hapus surel (akun) karena sudah tidak aktif, sekarang kalau mau ganti nomor caranya sudah gampang banget. suka"
187,tampilan oke pemesanan cepat langsung dapat
216,terpercaya
52,"setelah memperbarui jadi pengguna dan enggak ribet. qris juga sudah ke deteksi waktu bayar, enggak perlua waktu lama buat bayarnya cepat langsung bisa selesai"
337,lebih mudah untuk pemesanan tiket
295,"tampilan yang sekarang bagus dan mudah, sangat nyaman"
251,setelah berubah aplikasinya untuk cek tiket saja membutuhkan proses memuat lama
461,"tampilan jauh lebih baik dengan fitur unggulan terbarunya yang menarik, terima kasih kai aplikasinya bagus dan lancar tidak ada masalah"
455,"ini setelah diperbarui kenapa aplikasinya jadi lambat banget admin, bahkan keluar sendiri, pas mau masuk jadi enggak bisa masuk keterangannya ""failed request"" padahal udah biasa dahulu pakai kai acces, tolong dong kalau memang harus pakai aplikasi, aplikasinya ya dibikin simpel dan mudah aksesnya jangan jadi malah susah begini."
613,"setelah memperbarui aplikasi menjadi sangat lambat di semua fiturnya, terutama di fitur tiket saya! tiket yang sudah dibeli lama sekali prasmanannya menyebabkan kelamaan menunggu dipenukaran tiket / cetak pemboardan. dan fitur kereta untuk membeli tiker antar kota pun demikian begitu lambat pertanya. mungkin seharusnya dicoba terlebih dahulu di internal kai jangan langsung main perbarui tetapi aplikasi belum bisa maksimal."
269,eror 'daftar pesanan kosong ditingkatkan gagal terus tumbid siap harga promo enggak bisa dipesan ditingkatkan begitu terus
201,aplikasinya mempermudah dan bagus
161,"aplikasi enggak banget, secara dahulu waktu untuk pembayaran selama 10 menit. sekarang setelah diperbarui bukannya malah membaik malahan sering terjadi eror ketika akan melakukan pembayaran, bahkan untuk waktunya sekarang di persingkat hanya 30 detik. tidak setimpal bagi pengguna telepon seluler yang di rasa dengan proses memuat yang cukup lama. di ~ sdy ~,"
401,bagus. benar-benar bagus baik performa & tampilan
476,"alhamdulillah jadi lebih mudah. lancar, dahulu susah banget kalau mau hapus surel (akun) karena sudah tidak aktif, sekarang kalau mau ganti nomor caranya sudah gampang banget. suka"
105,"setelah memperbarui jadi pengguna dan enggak ribet. qris juga sudah ke deteksi waktu bayar, enggak perlua waktu lama buat bayarnya cepat langsung bisa selesai"
389,"sebelumnya saya sudah beli tiket pakai aplikasi lama, terus saya cek. di aplikasi tiket saya hilang tuh. pertanggungjawabannya bagaimana?"
1,"poin penting ulasan kai access > access by kai 1. dari semua yang paling mencolok adalah fitur pemesanan opsi railfood dan layanan lainnya seharusnya tidak perlu masuk, biarkan itu dipesan sendiri. karena menurut saya jadi tidak efisien saat masa hari raya yang lalu lintas pemesanan tiket padat, apalagi jika dikejar waktu. 2. kemudian pemilihan kursi, tampilan denah kursi terlalu besar sehingga harus gulir lama dan tidak ramah penggunaan, begitu kiga dengan opsi gerbong yang ada di bawah seperti itu."
573,fiturnya banyak. sepaket lambat juga minta ampun.
80,tampilan oke pemesanan cepat langsung dapat
205,"pembaruan terbaru, tampilan terbaru, bukannya memperbaiki, malah mempersulit, tiket sudah habis untuk apa masih pada menongol. lebih suka tampilan yang lama, simpel dan tidak beribet"
34,"tampilan yang sekarang bagus dan mudah, sangat nyaman"
508,"sangat tidak ramah untuk penggunaan pembelian tiket harusnya cuma isi data diri, pilih kursi, langsung bayar sekarang ada pembelian makanan, tiket transportasi dll. sangat menganggu proses transaksi harusnya di pisah dari tools utama yaitu pembelian tiket jangan diselipi untuk pesan makanan maupun akomodasi transportasi. terima kasih"
427,"kalau dibandingkan kai yang dahulu sama sekarang beda banget dari segi performanya makin lancar dari pesan tiket, bayarnya, tampilannya menarik juga ditambah fitur-fitur terbaru yang bermanfaat banget menurut saya"
454,"diperbarui makin bagus, lancar terus fiturnya juga banyak dan lengkap jadi pesan tiket kereta bisa selain pesan hotel beli kuota internet juga"
366,bikin aplikasi kok sampai enggak bisa diakses / eror. sampai hampir enggak bisa dapat tiket di aplikasi gara-gara eror. akhirnya ya manual di stasiun.
91,"mau masuk lancar banget, proses ke pembayaran juga lancar, sampai-sampai waktu pembayaran hanya butuh waktu yang cepat enggak lama. ini aplikasi super lancar dari segala-segalanya"
339,"setelah memperbarui, aplikasi sering bermasalah. (1) tidak bisa masuk ke aplikasi setelah pengisian kode otp karena selalu memuat sehingga harus menunggu diblokir 1 jam karena terlalu sering masukkan kode otp (2) ingin melakukan pembayaran melalui qris namun kode qris tidak kunjung muncul sehingga tidak bisa bayar tiket (3) jenis kelamin sudah diubah namun setelah di-refresh kembali lagi ke jenis kelamin yang salah (tertukar antara laki dan perempuan) untuk semua penumpang."
564,"aplikasi ini kerend $? (sih) jadi lebih mudah deh pesan tiket untuk bepergian, semangat sahabat kaidy? (si)"
345,"aplikasi perbaruan terbaru bagus, tetapi saran aku baiknya harga-harga tiket yang sudah habis terjual, ditaruh paling bawah seperti aplikasi sebelumnya supaya enggak bingung. kalau sekarang dikira masih ada tiketnya, ternyata tidak sesuai harapan."
241,memperbarui jadi ringan dan lebih cepat. ux buat lihat detail harga inovasinya bagus
13,"lemot banget banget, setiap mau buka memuatnya lama padahal jaringan sudah bangus terus aplikasinya harus ditingkatkan. setiap mau buka harus masukkan otp-nya entah lewat surel / sms, padahal sebelumnya pernah kasih otp,"
315,aplikasi terbaru otomatis. tampilannya sekarang tambah ribet dan bikin bingung. lebih simpel tampilan yang lama. seharusnya kalau memang ada perbarui lebih mempermudah. ini malah sebaliknya.
387,"jarang banget mengasih ulasan begini, tetapi ini pasti super lambat banget, kukira makin baik, eh cuma tampilannya doang, masa mau buka aplikasi saja lemot pol, kalau kayak begini, kan enggak bisa bur ""buka pas mau penipuan kode ya"
273,"aplikasi setelah pembaruan justru enggak jelas, makin ribet!"
166,"setelah memperbarui malah makin lancar enggak lambat, sebelumnya saat masuk ke aplikasinya lambat banget, sekarang yang mau bli tiket atau mau berpergian naik kereta jadi mudah apalagi yang mau pergi kerja"
610,"sudah perbarui jadi makin bagus malah jadi makin memudahkan, saat pembayaran menggunakan e-wallet jadi mudah sekali, lebih bagus daripada kai access versi lama."
484,"fitur kai pay ada penipuan karena tetapi tidak berfungsi apa apa, tidak bisa untuk pembayaran penipuan karena. saya yang salah atau aplikasinya yang salah ya, padahal ads saldo lumayan di situ, sisa dari pembelian tiket."
601,"wah tampilannya sekarang oke banget. cuma sayang metode pembayaran masih dibatasi kartu debit mandiri sama ovo. mohon tambahkan dong wallet gopay dan dana. terus debit bri, mandiri, sama bca."
504,sudah banyak plusnya daripada yang lama metode pembayaran juga banyak beli tiket ka jadi sangat mudah banget lacar juga
243,kecewa banget dengan kereta suka macet jadi menghambat perjalanan
566,"aplikasi perbaruan terbaru bagus, tetapi saran aku baiknya harga-harga tiket yang sudah habis terjual, ditaruh paling bawah seperti aplikasi sebelumnya supaya enggak bingung. kalau sekarang dikira masih ada tiketnya, ternyata tidak sesuai harapan."
562,"tampilan interface tidak ramah setelah pembaruan enggak suka banget bikin mata sakit, tetapi menarik, untung makin lancar pesan tiketnya mudah bayarnya juga bisa pakai ovo, soalnya saya pengguna ovo banget"
189,"setelah memperbarui enggak ada masalah, masuk aman, cek fitur lain aman, aplikasinya lebih lembut. padahal telepon selulerku kentang lo dy? ps"
475,sudah lancar banget buat beli dan cari tiket malah tambah enak dipandaang kali terbarunya
510,"pembaruan otomatis, biasanya tiket kereta yang sudah habis enggak ditampilkan ini yang sudah habis ditampilkan kira masih tersedia"
58,"saya beli tiket 1 tetapi kok bayarnya dobel? saya isi saldo kai pay 30 ribu, harga tiket kereta api lokal 12.000, saya beli tiket untuk 1 orang saja. kok tiba-tiba saldo saya tinggal 6.000? kok pembayaran bisa dobel begitu, tolong pihak kai kejelasaannya"
474,aplikasi terbaru otomatis. tampilannya sekarang tambah ribet dan bikin bingung. lebih simpel tampilan yang lama. seharusnya kalau memang ada perbarui lebih mempermudah. ini malah sebaliknya.
560,"sebelumnya saya sudah beli tiket pakai aplikasi lama, terus saya cek. di aplikasi tiket saya hilang tuh. pertanggungjawabannya bagaimana?"
252,eror 'daftar pesanan kosong ditingkatkan gagal terus tumbid siap harga promo enggak bisa dipesan ditingkatkan begitu terus
21,tampilan baru. bukan lebih mempermudah tetapi lebih mempersulit. kasihan kalau orang awam untuk melakukan pemesanan lewat aplikasi kai access.
313,"saya pelanggan setia kali merasa paus dengan versi terbarunya memudahkan dalam segala hal pesan tiket mudah, cek tiket kereta mudah, bayarnya mudah, fitur tambahan yang juga berguna bagi saya. salutnya dengan tambahan fitur yang banyak tapi masih lancar terus enggak lambat lambat"
459,aplikasinya sangat lama. saya batal terus saat mau bayar karena memuatnya lama sampai waktu limit pembayarannya habis
160,"fitur kai pay ada penipuan karena tetapi tidak berfungsi apa apa, tidak bisa untuk pembayaran penipuan karena. saya yang salah atau aplikasinya yang salah ya, padahal ads saldo lumayan di situ, sisa dari pembelian tiket."
276,"lemot banget banget, setiap mau buka memuatnya lama padahal jaringan sudah bangus terus aplikasinya harus ditingkatkan. setiap mau buka harus masukkan otp-nya entah lewat surel / sms, padahal sebelumnya pernah kasih otp,"
191,"jadi makin ribet. bagi orang-orang tua ini menyusahkan ya ui ux-nya, kalau dahulu lebih sederhana,"
385,setelah saya perbarui lagi aplikasinya sudah lebih lancar pemesanan tiket commuter line sudah tidak eror lagi
413,"pembaruan otomatis, biasanya tiket kereta yang sudah habis enggak ditampilkan ini yang sudah habis ditampilkan kira masih tersedia"
491,biasanya lambat pol. tetapi setelah memperbarui malah lancar terus
343,"sudah perbarui jadi makin bagus malah jadi makin memudahkan, saat pembayaran menggunakan e-wallet jadi mudah sekali, lebih bagus daripada kai access versi lama."
308,pembuatan yang baru bagus dan lancar di pembayaran pakai qris-nya juga lancar
130,"lemot banget banget, setiap mau buka memuatnya lama padahal jaringan sudah bangus terus aplikasinya harus ditingkatkan. setiap mau buka harus masukkan otp-nya entah lewat surel / sms, padahal sebelumnya pernah kasih otp,"
99,tolong dong perbaiki kualitasnya kan banyak yang pakai aplikasi ini seharusnya lebih ditingkatkan lagi. jangan tiba-tiba keluar sendiri akunnya terus susah masuk laginya memuatnya lama banget ampun
372,"lemot saat masuk menu. saat lambat kadang akun sudah keluar, lalu saat masuk lagi sudah masuk."
87,sudah banyak plusnya daripada yang lama metode pembayaran juga banyak beli tiket ka jadi sangat mudah banget lacar juga
458,"pembaruannya bagus, bagus banget, apalagi tampulannya jadi lebih baru"
330,"setelah memperbarui jadi pengguna dan enggak ribet. qris juga sudah ke deteksi waktu bayar, enggak perlua waktu lama buat bayarnya cepat langsung bisa selesai"
214,"tampilannya bagus, tetapi saat mau masuk ke aplikasi lamanya membuat emosi banget"
466,terima kasih tampilan baru lebih intuitif
121,"sebelumnya saya sudah beli tiket pakai aplikasi lama, terus saya cek. di aplikasi tiket saya hilang tuh. pertanggungjawabannya bagaimana?"
20,"pembaruan otomatis, biasanya tiket kereta yang sudah habis enggak ditampilkan ini yang sudah habis ditampilkan kira masih tersedia"
71,"diperbarui jadi makin lancar, tak kasih bintang 5 deh buat aplikasi ini"
106,aplikasi terbaru otomatis. tampilannya sekarang tambah ribet dan bikin bingung. lebih simpel tampilan yang lama. seharusnya kalau memang ada perbarui lebih mempermudah. ini malah sebaliknya.
270,"setelah diperbarui malah makin mudah untuk metode pembayaran dapat lewat ovo, tautan saja, dana"
435,"saya beli tiket 1 tetapi kok bayarnya dobel? saya isi saldo kai pay 30 ribu, harga tiket kereta api lokal 12.000, saya beli tiket untuk 1 orang saja. kok tiba-tiba saldo saya tinggal 6.000? kok pembayaran bisa dobel begitu, tolong pihak kai kejelasaannya"
102,"ui ux elite, backend sulit"
