,ulasan,label,ulasan_token
0,semenjak aplikasinya update lemot,Negatif,"['semenjak', 'aplikasinya', 'update', 'lemot']"
1,dipakai,Netral,['dipakai']
2,aplikasinya mudah bagus lemot,Positif,"['aplikasinya', 'mudah', 'bagus', 'lemot']"
3,pake pesan gagal diaplikasi berhasil dna cepet lemot,Positif,"['pake', 'pesan', 'gagal', 'diaplikasi', 'berhasil', 'dna', 'cepet', 'lemot']"
4,update lemot susah tolong diperbaiki,Negatif,"['update', 'lemot', 'susah', 'tolong', 'diperbaiki']"
5,ko update kaget ama logo barunya lancar,Positif,"['ko', 'update', 'kaget', 'ama', 'logo', 'barunya', 'lancar']"
6,bagus versi mudah lengkap tingkatkan efisiensi bug,Konflik,"['bagus', 'versi', 'mudah', 'lengkap', 'tingkatkan', 'efisiensi', 'bug']"
7,lag banget internet bagus apk susah masuk semenjak update,Konflik,"['lag', 'banget', 'internet', 'bagus', 'apk', 'susah', 'masuk', 'semenjak', 'update']"
8,bagus enak diliat gua lemot tampilannya enteng apk berat,Positif,"['bagus', 'enak', 'diliat', 'gua', 'lemot', 'tampilannya', 'enteng', 'apk', 'berat']"
9,udah bisapake qris kai access aya suka qris simpel ditambah uga aplikasinya satset,Positif,"['udah', 'bisapake', 'qris', 'kai', 'access', 'aya', 'suka', 'qris', 'simpel', 'ditambah', 'uga', 'aplikasinya', 'satset']"
10,lemooooooooooooottttttt bangettttttttt buka loadingnya jaringan bangus aplikasinya upgrade buka masukin otp email sms kasih otp,Negatif,"['lemooooooooooooottttttt', 'bangettttttttt', 'buka', 'loadingnya', 'jaringan', 'bangus', 'aplikasinya', 'upgrade', 'buka', 'masukin', 'otp', 'email', 'sms', 'kasih', 'otp']"
11,mudah gag ribet gag antri nunggu loket bukak sayang gag kursi,Konflik,"['mudah', 'gag', 'ribet', 'gag', 'antri', 'nunggu', 'loket', 'bukak', 'sayang', 'gag', 'kursi']"
12,alamdulillah update akses lancar lemot memilih kursi timeout nunggu membuang,Positif,"['alamdulillah', 'update', 'akses', 'lancar', 'lemot', 'memilih', 'kursi', 'timeout', 'nunggu', 'membuang']"
13,diupdate beli mudah lancar ui diperbaiki jg keren versi versi bagus banget performanya,Positif,"['diupdate', 'beli', 'mudah', 'lancar', 'ui', 'diperbaiki', 'jg', 'keren', 'versi', 'versi', 'bagus', 'banget', 'performanya']"
14,update lemot log out susah membeli menyulitkan boarding,Negatif,"['update', 'lemot', 'log', 'out', 'susah', 'membeli', 'menyulitkan', 'boarding']"
15,update lemot susah tolong diperbaiki,Negatif,"['update', 'lemot', 'susah', 'tolong', 'diperbaiki']"
16,update lancar antarmukanya bagusan,Positif,"['update', 'lancar', 'antarmukanya', 'bagusan']"
17,admin balikin lemot banget update update user friendly filter pilihan by harga kelas pilih kursi hrs scroll layar hadeuh maju,Negatif,"['admin', 'balikin', 'lemot', 'banget', 'update', 'update', 'user', 'friendly', 'filter', 'pilihan', 'by', 'harga', 'kelas', 'pilih', 'kursi', 'hrs', 'scroll', 'layar', 'hadeuh', 'maju']"
18,lengkap operasikan lemoot pembelian kereta pengecekan kereta bagusan update,Konflik,"['lengkap', 'operasikan', 'lemoot', 'pembelian', 'kereta', 'pengecekan', 'kereta', 'bagusan', 'update']"
19,enak versi,Konflik,"['enak', 'versi']"
20,versi terbaru buruk login via email no hp muter sampe berkecambah,Negatif,"['versi', 'terbaru', 'buruk', 'login', 'via', 'email', 'no', 'hp', 'muter', 'sampe', 'berkecambah']"
21,diupgrade lancar proses login sampe pambayran,Positif,"['diupgrade', 'lancar', 'proses', 'login', 'sampe', 'pambayran']"
22,diperbarui garibet pesen lemot lbih mudah beli skrng hhh seblumnya thx,Positif,"['diperbarui', 'garibet', 'pesen', 'lemot', 'lbih', 'mudah', 'beli', 'skrng', 'hhh', 'seblumnya', 'thx']"
23,diperbarui bagus lancar trus fiturnya lengkap pesen kereta seklain pesen hotel beli kuota internet,Positif,"['diperbarui', 'bagus', 'lancar', 'trus', 'fiturnya', 'lengkap', 'pesen', 'kereta', 'seklain', 'pesen', 'hotel', 'beli', 'kuota', 'internet']"
24,saran pengurus kai zaman modern digital serba cepat batal pengembalian dana nunggu setahun tf dana,Negatif,"['saran', 'pengurus', 'kai', 'zaman', 'modern', 'digital', 'serba', 'cepat', 'batal', 'pengembalian', 'dana', 'nunggu', 'setahun', 'tf', 'dana']"
25,butuh ma akses kereta males bgt make app minggu loading trs eror trs org buru bner bkin emosi pas nyampe stasiun disuruh loket loket disuruh petugas dpn bner nyebelin bgt sampe ketinggalan jadwal kereta lg buru org gbs beli diloket benerin app ngerugiin orang,Negatif,"['butuh', 'ma', 'akses', 'kereta', 'males', 'bgt', 'make', 'app', 'minggu', 'loading', 'trs', 'eror', 'trs', 'org', 'buru', 'bner', 'bkin', 'emosi', 'pas', 'nyampe', 'stasiun', 'disuruh', 'loket', 'loket', 'disuruh', 'petugas', 'dpn', 'bner', 'nyebelin', 'bgt', 'sampe', 'ketinggalan', 'jadwal', 'kereta', 'lg', 'buru', 'org', 'gbs', 'beli', 'diloket', 'benerin', 'app', 'ngerugiin', 'orang']"
26,hah gabisa dibuka samsek daritadi buka muncul logone tok berfungsi samsek,Negatif,"['hah', 'gabisa', 'dibuka', 'samsek', 'daritadi', 'buka', 'muncul', 'logone', 'tok', 'berfungsi', 'samsek']"
27,lambat banget proses cek tiketnya makan sampe menit cuman beli menit cmn buka untung kejar keretanya,Negatif,"['lambat', 'banget', 'proses', 'cek', 'tiketnya', 'makan', 'sampe', 'menit', 'cuman', 'beli', 'menit', 'cmn', 'buka', 'untung', 'kejar', 'keretanya']"
28,update lancar buka aplikasinya langsung satset tpi antarmukanya bagusan,Positif,"['update', 'lancar', 'buka', 'aplikasinya', 'langsung', 'satset', 'tpi', 'antarmukanya', 'bagusan']"
29,diupdate mudah aplikasinya lemot mudah cek menyelesaikan step by step isi data penumpang update terbaru membantu puas,Positif,"['diupdate', 'mudah', 'aplikasinya', 'lemot', 'mudah', 'cek', 'menyelesaikan', 'step', 'by', 'step', 'isi', 'data', 'penumpang', 'update', 'terbaru', 'membantu', 'puas']"
30,iya lancar efektif pemilihan kursi kursi mending efektif efisien,Positif,"['iya', 'lancar', 'efektif', 'pemilihan', 'kursi', 'kursi', 'mending', 'efektif', 'efisien']"
31,ribet pake kaipay mempermudah user kai pesen tikt fiturbarunya satset parah,Positif,"['ribet', 'pake', 'kaipay', 'mempermudah', 'user', 'kai', 'pesen', 'tikt', 'fiturbarunya', 'satset', 'parah']"
32,emang have fun and youth fasilitas berfungsi namanya spesial orang mudah mencari kai access nama kai access keren spesial identitas pesan kereta api access maknanya revamp revamp aneh gitu inget stasiun lupa jalan akses aneh mmm kayak livin by mandiri,Negatif,"['emang', 'have', 'fun', 'and', 'youth', 'fasilitas', 'berfungsi', 'namanya', 'spesial', 'orang', 'mudah', 'mencari', 'kai', 'access', 'nama', 'kai', 'access', 'keren', 'spesial', 'identitas', 'pesan', 'kereta', 'api', 'access', 'maknanya', 'revamp', 'revamp', 'aneh', 'gitu', 'inget', 'stasiun', 'lupa', 'jalan', 'akses', 'aneh', 'mmm', 'kayak', 'livin', 'by', 'mandiri']"
33,lancarr hp ku spek lumayan lo gatau orang orang bilanylemot banget lancar promo hotel jug,Positif,"['lancarr', 'hp', 'ku', 'spek', 'lumayan', 'lo', 'gatau', 'orang', 'orang', 'bilanylemot', 'banget', 'lancar', 'promo', 'hotel', 'jug']"
34,apk membantu detail kendala loadingnya cek jadwal commuter line susah mencari nama stasiun memakan loading hasil pencarian,Negatif,"['apk', 'membantu', 'detail', 'kendala', 'loadingnya', 'cek', 'jadwal', 'commuter', 'line', 'susah', 'mencari', 'nama', 'stasiun', 'memakan', 'loading', 'hasil', 'pencarian']"
35,lemot suka apk,Konflik,"['lemot', 'suka', 'apk']"
36,melatarbelakangi pergantian kai access access by kai sumpah kecewa banget kualitas upgrade downgrade pesen lelet menambah daftar penumpang loading banget tolong tampilannya ubah access kemudahannya ditingkatkan secepatnya diperbaiki maaf,Konflik,"['melatarbelakangi', 'pergantian', 'kai', 'access', 'access', 'by', 'kai', 'sumpah', 'kecewa', 'banget', 'kualitas', 'upgrade', 'downgrade', 'pesen', 'lelet', 'menambah', 'daftar', 'penumpang', 'loading', 'banget', 'tolong', 'tampilannya', 'ubah', 'access', 'kemudahannya', 'ditingkatkan', 'secepatnya', 'diperbaiki', 'maaf']"
37,update lancar bangettt rada lemot pesen bayrnya lbh mudah skrang,Positif,"['update', 'lancar', 'bangettt', 'rada', 'lemot', 'pesen', 'bayrnya', 'lbh', 'mudah', 'skrang']"
38,update apknya lancar nggu,Positif,"['update', 'apknya', 'lancar', 'nggu']"
39,proses lokal cepat banget ovo mudah,Positif,"['proses', 'lokal', 'cepat', 'banget', 'ovo', 'mudah']"
40,diupdate jdi lancar kasih bintang deh,Positif,"['diupdate', 'jdi', 'lancar', 'kasih', 'bintang', 'deh']"
41,bagus lancar banget versi terbaru,Positif,"['bagus', 'lancar', 'banget', 'versi', 'terbaru']"
42,kemudahan customer update an bintang update an terbarunya kai udah lemot jos mantp is best lancar jaya suka terbaru mudah dimengerti customer pengguna,Positif,"['kemudahan', 'customer', 'update', 'an', 'bintang', 'update', 'an', 'terbarunya', 'kai', 'udah', 'lemot', 'jos', 'mantp', 'is', 'best', 'lancar', 'jaya', 'suka', 'terbaru', 'mudah', 'dimengerti', 'customer', 'pengguna']"
43,enakan aplikasinya lancar emot seger ngebosenin,Positif,"['enakan', 'aplikasinya', 'lancar', 'emot', 'seger', 'ngebosenin']"
44,lemot bgtttt abis upgrade tp kualitas downgrade bolak tinggal bayar lemotnya maasyaaallah apasi,Negatif,"['lemot', 'bgtttt', 'abis', 'upgrade', 'tp', 'kualitas', 'downgrade', 'bolak', 'tinggal', 'bayar', 'lemotnya', 'maasyaaallah', 'apasi']"
45,diperbarui bagus lancar trus fiturnya lengkap pesen kereta seklain pesen hotel beli kuota internet,Positif,"['diperbarui', 'bagus', 'lancar', 'trus', 'fiturnya', 'lengkap', 'pesen', 'kereta', 'seklain', 'pesen', 'hotel', 'beli', 'kuota', 'internet']"
46,senang pembaruan kai accesa update no hp gagal terbaru membantu pengguna performanya canggih cepet,Positif,"['senang', 'pembaruan', 'kai', 'accesa', 'update', 'no', 'hp', 'gagal', 'terbaru', 'membantu', 'pengguna', 'performanya', 'canggih', 'cepet']"
47,ok cepat lgsung,Positif,"['ok', 'cepat', 'lgsung']"
48,admin balikin lemot banget update update user friendly filter pilihan by harga kelas pilih kursi hrs scroll layar hadeuh maju,Negatif,"['admin', 'balikin', 'lemot', 'banget', 'update', 'update', 'user', 'friendly', 'filter', 'pilihan', 'by', 'harga', 'kelas', 'pilih', 'kursi', 'hrs', 'scroll', 'layar', 'hadeuh', 'maju']"
49,gimana temen gnti jadwal kereta tnpa stasiun gnti,Konflik,"['gimana', 'temen', 'gnti', 'jadwal', 'kereta', 'tnpa', 'stasiun', 'gnti']"
50,update lemot banget logout pas masuk jdi gk masuk keterangan failed request udah pake kai acces tolong donk pake aplikasinya simpel mudah akses susah gini,Negatif,"['update', 'lemot', 'banget', 'logout', 'pas', 'masuk', 'jdi', 'gk', 'masuk', 'keterangan', 'failed', 'request', 'udah', 'pake', 'kai', 'acces', 'tolong', 'donk', 'pake', 'aplikasinya', 'simpel', 'mudah', 'akses', 'susah', 'gini']"
51,dikomentar bilagn lemot akun lancar lemot samsek,Konflik,"['dikomentar', 'bilagn', 'lemot', 'akun', 'lancar', 'lemot', 'samsek']"
52,masuk lancar bgt proses lancar butuh cepet super lancar,Positif,"['masuk', 'lancar', 'bgt', 'proses', 'lancar', 'butuh', 'cepet', 'super', 'lancar']"
53,update bermasalah login pengisian kode otp loading menunggu block jam masukkan kode otp qris kode qris kunjung muncul bayar jenis kelamin diubah direfresh jenis kelamin salah tertukar laki perempuan penumpang,Negatif,"['update', 'bermasalah', 'login', 'pengisian', 'kode', 'otp', 'loading', 'menunggu', 'block', 'jam', 'masukkan', 'kode', 'otp', 'qris', 'kode', 'qris', 'kunjung', 'muncul', 'bayar', 'jenis', 'kelamin', 'diubah', 'direfresh', 'jenis', 'kelamin', 'salah', 'tertukar', 'laki', 'perempuan', 'penumpang']"
54,lemot masuk menu lemot kadang akun log out masuk log in,Negatif,"['lemot', 'masuk', 'menu', 'lemot', 'kadang', 'akun', 'log', 'out', 'masuk', 'log', 'in']"
55,abis update tampikan bagus lancar mw cari gampang,Positif,"['abis', 'update', 'tampikan', 'bagus', 'lancar', 'mw', 'cari', 'gampang']"
56,kereta api bookingnya mudah aplikase lancar,Positif,"['kereta', 'api', 'bookingnya', 'mudah', 'aplikase', 'lancar']"
57,update lancar bangettt rada lemot pesen bayrnya lbh mudah skrang,Positif,"['update', 'lancar', 'bangettt', 'rada', 'lemot', 'pesen', 'bayrnya', 'lbh', 'mudah', 'skrang']"
58,tolong atuh perbaiki kualitas pake ditingkatkan akun trs susah login loading banget ampun,Negatif,"['tolong', 'atuh', 'perbaiki', 'kualitas', 'pake', 'ditingkatkan', 'akun', 'trs', 'susah', 'login', 'loading', 'banget', 'ampun']"
59,kali kecewa update terbaru bagus lambat login nunggu pesan susah mohon solusinya,Negatif,"['kali', 'kecewa', 'update', 'terbaru', 'bagus', 'lambat', 'login', 'nunggu', 'pesan', 'susah', 'mohon', 'solusinya']"
60,semenjak update ringan lancar bet,Positif,"['semenjak', 'update', 'ringan', 'lancar', 'bet']"
61,gara gara update lemot bangattt,Negatif,"['gara', 'gara', 'update', 'lemot', 'bangattt']"
62,update apknya lancar nggu,Positif,"['update', 'apknya', 'lancar', 'nggu']"
63,enak palikasi cepat,Konflik,"['enak', 'palikasi', 'cepat']"
64,males pkenya update msuk loading ribet msen ge,Konflik,"['males', 'pkenya', 'update', 'msuk', 'loading', 'ribet', 'msen', 'ge']"
65,ribet pake kaipay mempermudah user kai pesen tikt fiturbarunya satset parah,Positif,"['ribet', 'pake', 'kaipay', 'mempermudah', 'user', 'kai', 'pesen', 'tikt', 'fiturbarunya', 'satset', 'parah']"
66,segi performa kai accsess terbaru lbih seblumnya booking tiekt mudah bayarnya pake qris fiturbuat pesen hotel lengkap,Positif,"['segi', 'performa', 'kai', 'accsess', 'terbaru', 'lbih', 'seblumnya', 'booking', 'tiekt', 'mudah', 'bayarnya', 'pake', 'qris', 'fiturbuat', 'pesen', 'hotel', 'lengkap']"
67,terbaru bukanya memudahkan menyusahkan bagus diupdate mudah dimengerti,Konflik,"['terbaru', 'bukanya', 'memudahkan', 'menyusahkan', 'bagus', 'diupdate', 'mudah', 'dimengerti']"
68,pake pesan gagal diaplikasi berhasil dna cepet lemot,Positif,"['pake', 'pesan', 'gagal', 'diaplikasi', 'berhasil', 'dna', 'cepet', 'lemot']"
69,segi performa kai accsess terbaru lbih seblumnya booking tiekt mudah bayarnya pake qris fiturbuat pesen hotel lengkap,Positif,"['segi', 'performa', 'kai', 'accsess', 'terbaru', 'lbih', 'seblumnya', 'booking', 'tiekt', 'mudah', 'bayarnya', 'pake', 'qris', 'fiturbuat', 'pesen', 'hotel', 'lengkap']"
70,kali kecewa update terbaru bagus lambat login nunggu pesan susah mohon solusinya,Negatif,"['kali', 'kecewa', 'update', 'terbaru', 'bagus', 'lambat', 'login', 'nunggu', 'pesan', 'susah', 'mohon', 'solusinya']"
71,diperbarui garibet pesen lemot lbih mudah beli skrng hhh seblumnya thx,Positif,"['diperbarui', 'garibet', 'pesen', 'lemot', 'lbih', 'mudah', 'beli', 'skrng', 'hhh', 'seblumnya', 'thx']"
72,bagus sayang lemotnya ampun memilih duduk tinggal menunggu kode time out ngga perjalanan mendadak beda cepat ngga loading,Negatif,"['bagus', 'sayang', 'lemotnya', 'ampun', 'memilih', 'duduk', 'tinggal', 'menunggu', 'kode', 'time', 'out', 'ngga', 'perjalanan', 'mendadak', 'beda', 'cepat', 'ngga', 'loading']"
73,udah bisapake qris kai access aya suka qris simpel ditambah uga aplikasinya satset,Positif,"['udah', 'bisapake', 'qris', 'kai', 'access', 'aya', 'suka', 'qris', 'simpel', 'ditambah', 'uga', 'aplikasinya', 'satset']"
74,pilihannya gabusa terakses running versi merugikan konsumen mendesak butuh reshcedulle gabisa coba telpon service center solusi coba manual unistall download install gabisa perhatian,Negatif,"['pilihannya', 'gabusa', 'terakses', 'running', 'versi', 'merugikan', 'konsumen', 'mendesak', 'butuh', 'reshcedulle', 'gabisa', 'coba', 'telpon', 'service', 'center', 'solusi', 'coba', 'manual', 'unistall', 'download', 'install', 'gabisa', 'perhatian']"
75,apk membantu detail kendala loadingnya cek jadwal commuter line susah mencari nama stasiun memakan loading hasil pencarian,Negatif,"['apk', 'membantu', 'detail', 'kendala', 'loadingnya', 'cek', 'jadwal', 'commuter', 'line', 'susah', 'mencari', 'nama', 'stasiun', 'memakan', 'loading', 'hasil', 'pencarian']"
76,sangatt lemott,Negatif,"['sangatt', 'lemott']"
77,diupdate beli mudah lancar ui diperbaiki jg keren versi versi bagus banget performanya,Positif,"['diupdate', 'beli', 'mudah', 'lancar', 'ui', 'diperbaiki', 'jg', 'keren', 'versi', 'versi', 'bagus', 'banget', 'performanya']"
78,mohon maaf update akses lambat memilih kursi timeout menunggu menghabiskan,Negatif,"['mohon', 'maaf', 'update', 'akses', 'lambat', 'memilih', 'kursi', 'timeout', 'menunggu', 'menghabiskan']"
79,lemooooooooooooottttttt bangettttttttt buka loadingnya jaringan bangus aplikasinya upgrade buka masukin otp email sms kasih otp,Negatif,"['lemooooooooooooottttttt', 'bangettttttttt', 'buka', 'loadingnya', 'jaringan', 'bangus', 'aplikasinya', 'upgrade', 'buka', 'masukin', 'otp', 'email', 'sms', 'kasih', 'otp']"
80,iya lancar efektif pemilihan kursi kursi mending efektif efisien,Positif,"['iya', 'lancar', 'efektif', 'pemilihan', 'kursi', 'kursi', 'mending', 'efektif', 'efisien']"
81,unggulan terbarunya menarik thanks kai aplikasinya bagus lancar trouble,Positif,"['unggulan', 'terbarunya', 'menarik', 'thanks', 'kai', 'aplikasinya', 'bagus', 'lancar', 'trouble']"
82,alamdulillah update akses lancar lemot memilih kursi timeout nunggu membuang,Positif,"['alamdulillah', 'update', 'akses', 'lancar', 'lemot', 'memilih', 'kursi', 'timeout', 'nunggu', 'membuang']"
83,update parah bug loading lemot update data nik berubah gmn team,Negatif,"['update', 'parah', 'bug', 'loading', 'lemot', 'update', 'data', 'nik', 'berubah', 'gmn', 'team']"
84,update colourfull lengkap jadwal commuterline suka versi kai performnya meningkt cepet,Positif,"['update', 'colourfull', 'lengkap', 'jadwal', 'commuterline', 'suka', 'versi', 'kai', 'performnya', 'meningkt', 'cepet']"
85,lihat jadwal kereta pesan udah lbih mudah sblmnya lemottt parah pdhal lgi urgent,Positif,"['lihat', 'jadwal', 'kereta', 'pesan', 'udah', 'lbih', 'mudah', 'sblmnya', 'lemottt', 'parah', 'pdhal', 'lgi', 'urgent']"
86,lancar banget gamapng,Positif,"['lancar', 'banget', 'gamapng']"
87,udah bisapake qris kai access aya suka qris simpel ditambah uga aplikasinya satset,Positif,"['udah', 'bisapake', 'qris', 'kai', 'access', 'aya', 'suka', 'qris', 'simpel', 'ditambah', 'uga', 'aplikasinya', 'satset']"
88,upgrade reduksi,Konflik,"['upgrade', 'reduksi']"
89,gini lancar severny kemaren koneksinya timeout diplikasi pesen,Positif,"['gini', 'lancar', 'severny', 'kemaren', 'koneksinya', 'timeout', 'diplikasi', 'pesen']"
90,bagus benr bagus performa,Positif,"['bagus', 'benr', 'bagus', 'performa']"
91,upgrade satset,Positif,"['upgrade', 'satset']"
92,nggk banget menit update membaik error persingkat detik worth pengguna hp proses loading,Negatif,"['nggk', 'banget', 'menit', 'update', 'membaik', 'error', 'persingkat', 'detik', 'worth', 'pengguna', 'hp', 'proses', 'loading']"
93,reduksi harga dihilangkan lemot ciri khas bumn bgt,Negatif,"['reduksi', 'harga', 'dihilangkan', 'lemot', 'ciri', 'khas', 'bumn', 'bgt']"
94,update lancar lemot seblumnya masuk apk lemot bgt sekarnang bli bepergian kereta jdi mudah pergi kerja,Positif,"['update', 'lancar', 'lemot', 'seblumnya', 'masuk', 'apk', 'lemot', 'bgt', 'sekarnang', 'bli', 'bepergian', 'kereta', 'jdi', 'mudah', 'pergi', 'kerja']"
95,update mudah login butuh login keren app terupdatenya,Positif,"['update', 'mudah', 'login', 'butuh', 'login', 'keren', 'app', 'terupdatenya']"
96,updetan versi terbaru bner bagus deh galemot banget sanagat memudhakan versi,Positif,"['updetan', 'versi', 'terbaru', 'bner', 'bagus', 'deh', 'galemot', 'banget', 'sanagat', 'memudhakan', 'versi']"
97,update lancar lemot seblumnya masuk apk lemot bgt sekarnang bli bepergian kereta jdi mudah pergi kerja,Positif,"['update', 'lancar', 'lemot', 'seblumnya', 'masuk', 'apk', 'lemot', 'bgt', 'sekarnang', 'bli', 'bepergian', 'kereta', 'jdi', 'mudah', 'pergi', 'kerja']"
98,lucu lemot parah,Negatif,"['lucu', 'lemot', 'parah']"
99,lemmootnya ampun tolong perbaiki sistemnya uninstal lemot bgt kya gini,Negatif,"['lemmootnya', 'ampun', 'tolong', 'perbaiki', 'sistemnya', 'uninstal', 'lemot', 'bgt', 'kya', 'gini']"
100,versi terbaru buruk login via email no hp muter sampe berkecambah,Negatif,"['versi', 'terbaru', 'buruk', 'login', 'via', 'email', 'no', 'hp', 'muter', 'sampe', 'berkecambah']"
101,buruk telat menit uang gabisa refund hangus rbu cuman beli angin,Negatif,"['buruk', 'telat', 'menit', 'uang', 'gabisa', 'refund', 'hangus', 'rbu', 'cuman', 'beli', 'angin']"
102,verifikasi kaipay kode otp muncul kaspro id kerja suka lemot,Konflik,"['verifikasi', 'kaipay', 'kode', 'otp', 'muncul', 'kaspro', 'id', 'kerja', 'suka', 'lemot']"
103,setelag update lemot fiturnya dibeli bufferingnya menyebabkan menunggu dipenukaran cetak boarding kereta membeli tiker kotapun lemot bufferingnya dicoba internal kai langsung main update maksimal,Negatif,"['setelag', 'update', 'lemot', 'fiturnya', 'dibeli', 'bufferingnya', 'menyebabkan', 'menunggu', 'dipenukaran', 'cetak', 'boarding', 'kereta', 'membeli', 'tiker', 'kotapun', 'lemot', 'bufferingnya', 'dicoba', 'internal', 'kai', 'langsung', 'main', 'update', 'maksimal']"
104,update lemot masuk segi oke performanya,Positif,"['update', 'lemot', 'masuk', 'segi', 'oke', 'performanya']"
105,diupdate mudah aplikasinya lemot mudah cek menyelesaikan step by step isi data penumpang update terbaru membantu puas,Positif,"['diupdate', 'mudah', 'aplikasinya', 'lemot', 'mudah', 'cek', 'menyelesaikan', 'step', 'by', 'step', 'isi', 'data', 'penumpang', 'update', 'terbaru', 'membantu', 'puas']"
106,lemooooooooooooottttttt bangettttttttt buka loadingnya jaringan bangus aplikasinya upgrade buka masukin otp email sms kasih otp,Negatif,"['lemooooooooooooottttttt', 'bangettttttttt', 'buka', 'loadingnya', 'jaringan', 'bangus', 'aplikasinya', 'upgrade', 'buka', 'masukin', 'otp', 'email', 'sms', 'kasih', 'otp']"
107,update lancar buka aplikasinya langsung satset tpi antarmukanya bagusan,Positif,"['update', 'lancar', 'buka', 'aplikasinya', 'langsung', 'satset', 'tpi', 'antarmukanya', 'bagusan']"
108,oke sistem lemot banget kukira jaringan lemot sampe restart hp berkali kali pesen seribet mending,Konflik,"['oke', 'sistem', 'lemot', 'banget', 'kukira', 'jaringan', 'lemot', 'sampe', 'restart', 'hp', 'berkali', 'kali', 'pesen', 'seribet', 'mending']"
109,update ngga zonk performa dll pengoperasian jugalebih efisien versi terbaru sumpah versi nyebelin aneh,Positif,"['update', 'ngga', 'zonk', 'performa', 'dll', 'pengoperasian', 'jugalebih', 'efisien', 'versi', 'terbaru', 'sumpah', 'versi', 'nyebelin', 'aneh']"
110,jadwal sholat versi,Netral,"['jadwal', 'sholat', 'versi']"
111,update kemarin bagus friendly user parah bayar habis mencet metode tolong menu reschedule refund dimunculkan berubah keberangkatan membantu ulasan kasih bintang smg tim kai memperbaiki,Konflik,"['update', 'kemarin', 'bagus', 'friendly', 'user', 'parah', 'bayar', 'habis', 'mencet', 'metode', 'tolong', 'menu', 'reschedule', 'refund', 'dimunculkan', 'berubah', 'keberangkatan', 'membantu', 'ulasan', 'kasih', 'bintang', 'smg', 'tim', 'kai', 'memperbaiki']"
112,update ngga zonk performa dll pengoperasian jugalebih efisien versi terbaru sumpah versi nyebelin aneh,Positif,"['update', 'ngga', 'zonk', 'performa', 'dll', 'pengoperasian', 'jugalebih', 'efisien', 'versi', 'terbaru', 'sumpah', 'versi', 'nyebelin', 'aneh']"
113,kai update otomatis hp seltah buka ccoba versi barunya emang user freandly syaa langsung pesan untk kebernagkatan surabaya commuterline pencarian bayarnya mudah bettt lancar suwun kai,Positif,"['kai', 'update', 'otomatis', 'hp', 'seltah', 'buka', 'ccoba', 'versi', 'barunya', 'emang', 'user', 'freandly', 'syaa', 'langsung', 'pesan', 'untk', 'kebernagkatan', 'surabaya', 'commuterline', 'pencarian', 'bayarnya', 'mudah', 'bettt', 'lancar', 'suwun', 'kai']"
114,tampilannya bagus masuk mbuat emosi banget,Negatif,"['tampilannya', 'bagus', 'masuk', 'mbuat', 'emosi', 'banget']"
115,fresh ampun loadingnya,Negatif,"['fresh', 'ampun', 'loadingnya']"
116,sy sadar apk upgrade tampilannya bagus lemot skli ngebug pesen kota tersedia gmna bagusan sy lihat balasan adminnya suruh update log udah sy coba ajaaaaaa apk versi pling terbaru,Konflik,"['sy', 'sadar', 'apk', 'upgrade', 'tampilannya', 'bagus', 'lemot', 'skli', 'ngebug', 'pesen', 'kota', 'tersedia', 'gmna', 'bagusan', 'sy', 'lihat', 'balasan', 'adminnya', 'suruh', 'update', 'log', 'udah', 'sy', 'coba', 'ajaaaaaa', 'apk', 'versi', 'pling', 'terbaru']"
117,bnyak menu lemot aplikasinya,Negatif,"['bnyak', 'menu', 'lemot', 'aplikasinya']"
118,apknya udah lemott satset jg suka pesen pilih kursinya enak versi skarang,Positif,"['apknya', 'udah', 'lemott', 'satset', 'jg', 'suka', 'pesen', 'pilih', 'kursinya', 'enak', 'versi', 'skarang']"
119,may bayar loading seblum performa meningkat,Positif,"['may', 'bayar', 'loading', 'seblum', 'performa', 'meningkat']"
120,update buka,Konflik,"['update', 'buka']"
121,lemot nambah sistem support,Negatif,"['lemot', 'nambah', 'sistem', 'support']"
122,jarang banget ngasi ulasan gini tp fix super lemot banget kukira tampilannya doang buka apk lemot poll kek gini bur buka pas scan barcode,Negatif,"['jarang', 'banget', 'ngasi', 'ulasan', 'gini', 'tp', 'fix', 'super', 'lemot', 'banget', 'kukira', 'tampilannya', 'doang', 'buka', 'apk', 'lemot', 'poll', 'kek', 'gini', 'bur', 'buka', 'pas', 'scan', 'barcode']"
123,lemot bgtt enakan pake apk sblm diupdate,Negatif,"['lemot', 'bgtt', 'enakan', 'pake', 'apk', 'sblm', 'diupdate']"
124,ribet jadwal habis lgsg off tp dibuka muncul jam keberangkatan nggak efisien nyari jam bangkunya lemot lemooooot banget selesai iai data pilih kursi loadingnya banget,Negatif,"['ribet', 'jadwal', 'habis', 'lgsg', 'off', 'tp', 'dibuka', 'muncul', 'jam', 'keberangkatan', 'nggak', 'efisien', 'nyari', 'jam', 'bangkunya', 'lemot', 'lemooooot', 'banget', 'selesai', 'iai', 'data', 'pilih', 'kursi', 'loadingnya', 'banget']"
125,masuk apk kai acces,Konflik,"['masuk', 'apk', 'kai', 'acces']"
126,lemooooooooooooottttttt bangettttttttt buka loadingnya jaringan bangus aplikasinya upgrade buka masukin otp email sms kasih otp,Negatif,"['lemooooooooooooottttttt', 'bangettttttttt', 'buka', 'loadingnya', 'jaringan', 'bangus', 'aplikasinya', 'upgrade', 'buka', 'masukin', 'otp', 'email', 'sms', 'kasih', 'otp']"
127,kai update otomatis hp seltah buka ccoba versi barunya emang user freandly syaa langsung pesan untk kebernagkatan surabaya commuterline pencarian bayarnya mudah bettt lancar suwun kai,Positif,"['kai', 'update', 'otomatis', 'hp', 'seltah', 'buka', 'ccoba', 'versi', 'barunya', 'emang', 'user', 'freandly', 'syaa', 'langsung', 'pesan', 'untk', 'kebernagkatan', 'surabaya', 'commuterline', 'pencarian', 'bayarnya', 'mudah', 'bettt', 'lancar', 'suwun', 'kai']"
128,lemot parah,Negatif,"['lemot', 'parah']"
129,update ringan cepat ux lihat detail harga inovasinya bagus,Positif,"['update', 'ringan', 'cepat', 'ux', 'lihat', 'detail', 'harga', 'inovasinya', 'bagus']"
130,saran pengurus kai zaman modern digital serba cepat batal pengembalian dana nunggu setahun tf dana,Negatif,"['saran', 'pengurus', 'kai', 'zaman', 'modern', 'digital', 'serba', 'cepat', 'batal', 'pengembalian', 'dana', 'nunggu', 'setahun', 'tf', 'dana']"
131,semenjak update udah ngak lemot membingungkan kereta penuh muncul untungnya pesen bayar aman gampang bgt,Positif,"['semenjak', 'update', 'udah', 'ngak', 'lemot', 'membingungkan', 'kereta', 'penuh', 'muncul', 'untungnya', 'pesen', 'bayar', 'aman', 'gampang', 'bgt']"
132,darisegi perfroma lbh versi seblmunya suka bgt barunya,Negatif,"['darisegi', 'perfroma', 'lbh', 'versi', 'seblmunya', 'suka', 'bgt', 'barunya']"
133,udah update versi terbaru tampilanya gemesssss banget sukaa lancarr banget,Positif,"['udah', 'update', 'versi', 'terbaru', 'tampilanya', 'gemesssss', 'banget', 'sukaa', 'lancarr', 'banget']"
134,lemooooooooooooottttttt bangettttttttt buka loadingnya jaringan bangus aplikasinya upgrade buka masukin otp email sms kasih otp,Negatif,"['lemooooooooooooottttttt', 'bangettttttttt', 'buka', 'loadingnya', 'jaringan', 'bangus', 'aplikasinya', 'upgrade', 'buka', 'masukin', 'otp', 'email', 'sms', 'kasih', 'otp']"
135,crash,Konflik,['crash']
136,setelag update lemot fiturnya dibeli bufferingnya menyebabkan menunggu dipenukaran cetak boarding kereta membeli tiker kotapun lemot bufferingnya dicoba internal kai langsung main update maksimal,Negatif,"['setelag', 'update', 'lemot', 'fiturnya', 'dibeli', 'bufferingnya', 'menyebabkan', 'menunggu', 'dipenukaran', 'cetak', 'boarding', 'kereta', 'membeli', 'tiker', 'kotapun', 'lemot', 'bufferingnya', 'dicoba', 'internal', 'kai', 'langsung', 'main', 'update', 'maksimal']"
137,suka apk diperbarui,Konflik,"['suka', 'apk', 'diperbarui']"
138,ok cepat lgsung,Positif,"['ok', 'cepat', 'lgsung']"
139,update terbaru oke kualitasnya bagus banget load pas buka appnya pas lancar banget pembayarannya mudah butuhkan cepet simple mudah,Positif,"['update', 'terbaru', 'oke', 'kualitasnya', 'bagus', 'banget', 'load', 'pas', 'buka', 'appnya', 'pas', 'lancar', 'banget', 'pembayarannya', 'mudah', 'butuhkan', 'cepet', 'simple', 'mudah']"
140,menyarankan mengembalikan antarmuka update sulit membedakan habis,Netral,"['menyarankan', 'mengembalikan', 'antarmuka', 'update', 'sulit', 'membedakan', 'habis']"
141,bagus sayang lemotnya ampun memilih duduk tinggal menunggu kode time out ngga perjalanan mendadak beda cepat ngga loading,Negatif,"['bagus', 'sayang', 'lemotnya', 'ampun', 'memilih', 'duduk', 'tinggal', 'menunggu', 'kode', 'time', 'out', 'ngga', 'perjalanan', 'mendadak', 'beda', 'cepat', 'ngga', 'loading']"
142,lemooooooooooooottttttt bangettttttttt buka loadingnya jaringan bangus aplikasinya upgrade buka masukin otp email sms kasih otp,Negatif,"['lemooooooooooooottttttt', 'bangettttttttt', 'buka', 'loadingnya', 'jaringan', 'bangus', 'aplikasinya', 'upgrade', 'buka', 'masukin', 'otp', 'email', 'sms', 'kasih', 'otp']"
143,bagus enak diliat gua lemot tampilannya enteng apk berat,Positif,"['bagus', 'enak', 'diliat', 'gua', 'lemot', 'tampilannya', 'enteng', 'apk', 'berat']"
144,bagus banget update bug lancar banget,Positif,"['bagus', 'banget', 'update', 'bug', 'lancar', 'banget']"
145,abis update tampikan bagus lancar mw cari gampang,Positif,"['abis', 'update', 'tampikan', 'bagus', 'lancar', 'mw', 'cari', 'gampang']"
146,update lancar antarmukanya bagusan,Positif,"['update', 'lancar', 'antarmukanya', 'bagusan']"
147,diupdate gabisa masuk apk,Netral,"['diupdate', 'gabisa', 'masuk', 'apk']"
148,pelanggan setia kai paus versi terbaruny memudahkan dlm pesan mudah cek kereta mudah bayrnya mudah tambahan yng berguna salutnya tambahan tpai lancar lemot lemot,Positif,"['pelanggan', 'setia', 'kai', 'paus', 'versi', 'terbaruny', 'memudahkan', 'dlm', 'pesan', 'mudah', 'cek', 'kereta', 'mudah', 'bayrnya', 'mudah', 'tambahan', 'yng', 'berguna', 'salutnya', 'tambahan', 'tpai', 'lancar', 'lemot', 'lemot']"
149,ribet pake kaipay mempermudah user kai pesen tikt fiturbarunya satset parah,Positif,"['ribet', 'pake', 'kaipay', 'mempermudah', 'user', 'kai', 'pesen', 'tikt', 'fiturbarunya', 'satset', 'parah']"
150,apk error aneh udah update kayak downgrade qris gagal udak top up dana link ovo tetep aneh banget qris gagal sampe uang habis top up apk tatapi berguna apk lemot banget badahal sinyal kenceng hp spek lumayan aneh banget apk,Negatif,"['apk', 'error', 'aneh', 'udah', 'update', 'kayak', 'downgrade', 'qris', 'gagal', 'udak', 'top', 'up', 'dana', 'link', 'ovo', 'tetep', 'aneh', 'banget', 'qris', 'gagal', 'sampe', 'uang', 'habis', 'top', 'up', 'apk', 'tatapi', 'berguna', 'apk', 'lemot', 'banget', 'badahal', 'sinyal', 'kenceng', 'hp', 'spek', 'lumayan', 'aneh', 'banget', 'apk']"
151,habis terganggu lemot ganti kursi penumpang niat email kirim cek disitu video kendalanya merespon bot pesan ka lokal eror tolong perbaiki,Negatif,"['habis', 'terganggu', 'lemot', 'ganti', 'kursi', 'penumpang', 'niat', 'email', 'kirim', 'cek', 'disitu', 'video', 'kendalanya', 'merespon', 'bot', 'pesan', 'ka', 'lokal', 'eror', 'tolong', 'perbaiki']"
152,diperbaharui lemot susah buka apkny sinyal bagus ngecek susah semoga diperbaiki dpt memudahkan penumpang apk kai,Konflik,"['diperbaharui', 'lemot', 'susah', 'buka', 'apkny', 'sinyal', 'bagus', 'ngecek', 'susah', 'semoga', 'diperbaiki', 'dpt', 'memudahkan', 'penumpang', 'apk', 'kai']"
153,lemooooooooooooottttttt bangettttttttt buka loadingnya jaringan bangus aplikasinya upgrade buka masukin otp email sms kasih otp,Negatif,"['lemooooooooooooottttttt', 'bangettttttttt', 'buka', 'loadingnya', 'jaringan', 'bangus', 'aplikasinya', 'upgrade', 'buka', 'masukin', 'otp', 'email', 'sms', 'kasih', 'otp']"
154,kereta api bookingnya mudah aplikase lancar,Positif,"['kereta', 'api', 'bookingnya', 'mudah', 'aplikase', 'lancar']"
155,udah gk lemot mesen lokal antarkota pake online apk lancar parah gk lemot memudahkan diperbarui huhuhhu suka,Positif,"['udah', 'gk', 'lemot', 'mesen', 'lokal', 'antarkota', 'pake', 'online', 'apk', 'lancar', 'parah', 'gk', 'lemot', 'memudahkan', 'diperbarui', 'huhuhhu', 'suka']"
156,bagus suka loading,Konflik,"['bagus', 'suka', 'loading']"
157,fresh ampun loadingnya,Negatif,"['fresh', 'ampun', 'loadingnya']"
158,performany darisebelumnya,Positif,"['performany', 'darisebelumnya']"
159,jujur versi simpel mempermudah tinggal pilih tanggal langsung lihat ketersediaan versi terbaru ribet klik keretanya lihat ketersediaan,Konflik,"['jujur', 'versi', 'simpel', 'mempermudah', 'tinggal', 'pilih', 'tanggal', 'langsung', 'lihat', 'ketersediaan', 'versi', 'terbaru', 'ribet', 'klik', 'keretanya', 'lihat', 'ketersediaan']"
160,jelek jelek kerja sulitnya pesan mending balikin ribet loadingnya darah,Negatif,"['jelek', 'jelek', 'kerja', 'sulitnya', 'pesan', 'mending', 'balikin', 'ribet', 'loadingnya', 'darah']"
161,lemot poll update lancar teros,Positif,"['lemot', 'poll', 'update', 'lancar', 'teros']"
162,mudah ruwet,Konflik,"['mudah', 'ruwet']"
163,lemot nambah sistem support,Negatif,"['lemot', 'nambah', 'sistem', 'support']"
164,lemot mesen lokal loading mesen online apk lemot parah udah sulit dipersulit,Negatif,"['lemot', 'mesen', 'lokal', 'loading', 'mesen', 'online', 'apk', 'lemot', 'parah', 'udah', 'sulit', 'dipersulit']"
165,proses lokal cepat banget ovo mudah,Positif,"['proses', 'lokal', 'cepat', 'banget', 'ovo', 'mudah']"
166,lancar banget kendala wktu efektif,Positif,"['lancar', 'banget', 'kendala', 'wktu', 'efektif']"
167,pelanggan setia kai paus versi terbaruny memudahkan dlm pesan mudah cek kereta mudah bayrnya mudah tambahan yng berguna salutnya tambahan tpai lancar lemot lemot,Positif,"['pelanggan', 'setia', 'kai', 'paus', 'versi', 'terbaruny', 'memudahkan', 'dlm', 'pesan', 'mudah', 'cek', 'kereta', 'mudah', 'bayrnya', 'mudah', 'tambahan', 'yng', 'berguna', 'salutnya', 'tambahan', 'tpai', 'lancar', 'lemot', 'lemot']"
168,berat bnget aplikasinya jadwal krl lengkap update buka menit device samsung galaxy game berat,Konflik,"['berat', 'bnget', 'aplikasinya', 'jadwal', 'krl', 'lengkap', 'update', 'buka', 'menit', 'device', 'samsung', 'galaxy', 'game', 'berat']"
169,senang pembaruan kai accesa update no hp gagal terbaru membantu pengguna performanya canggih cepet,Positif,"['senang', 'pembaruan', 'kai', 'accesa', 'update', 'no', 'hp', 'gagal', 'terbaru', 'membantu', 'pengguna', 'performanya', 'canggih', 'cepet']"
170,kendala pesen kereta pake kai mudah cepet,Positif,"['kendala', 'pesen', 'kereta', 'pake', 'kai', 'mudah', 'cepet']"
171,bagus banget update bug lancar banget,Positif,"['bagus', 'banget', 'update', 'bug', 'lancar', 'banget']"
172,updetan versi terbaru bner bagus deh galemot banget sanagat memudhakan versi,Positif,"['updetan', 'versi', 'terbaru', 'bner', 'bagus', 'deh', 'galemot', 'banget', 'sanagat', 'memudhakan', 'versi']"
173,diupdate mudah aplikasinya lemot mudah cek menyelesaikan step by step isi data penumpang update terbaru membantu puas,Positif,"['diupdate', 'mudah', 'aplikasinya', 'lemot', 'mudah', 'cek', 'menyelesaikan', 'step', 'by', 'step', 'isi', 'data', 'penumpang', 'update', 'terbaru', 'membantu', 'puas']"
174,otomatis terupdate versi memudahkan lancar pesan mudah kearena pp kerja commuter,Positif,"['otomatis', 'terupdate', 'versi', 'memudahkan', 'lancar', 'pesan', 'mudah', 'kearena', 'pp', 'kerja', 'commuter']"
175,dimana pesan reduksi update,Netral,"['dimana', 'pesan', 'reduksi', 'update']"
176,pilihannya gabusa terakses running versi merugikan konsumen mendesak butuh reshcedulle gabisa coba telpon service center solusi coba manual unistall download install gabisa perhatian,Negatif,"['pilihannya', 'gabusa', 'terakses', 'running', 'versi', 'merugikan', 'konsumen', 'mendesak', 'butuh', 'reshcedulle', 'gabisa', 'coba', 'telpon', 'service', 'center', 'solusi', 'coba', 'manual', 'unistall', 'download', 'install', 'gabisa', 'perhatian']"
177,update bermasalah login pengisian kode otp loading menunggu block jam masukkan kode otp qris kode qris kunjung muncul bayar jenis kelamin diubah direfresh jenis kelamin salah tertukar laki perempuan penumpang,Negatif,"['update', 'bermasalah', 'login', 'pengisian', 'kode', 'otp', 'loading', 'menunggu', 'block', 'jam', 'masukkan', 'kode', 'otp', 'qris', 'kode', 'qris', 'kunjung', 'muncul', 'bayar', 'jenis', 'kelamin', 'diubah', 'direfresh', 'jenis', 'kelamin', 'salah', 'tertukar', 'laki', 'perempuan', 'penumpang']"
178,lemot bgtttt abis upgrade tp kualitas downgrade bolak tinggal bayar lemotnya maasyaaallah apasi,Negatif,"['lemot', 'bgtttt', 'abis', 'upgrade', 'tp', 'kualitas', 'downgrade', 'bolak', 'tinggal', 'bayar', 'lemotnya', 'maasyaaallah', 'apasi']"
179,update lemot mending pakai bagus diganti semarwut unfaedah saran kembalikan mudah nyaman bagus,Negatif,"['update', 'lemot', 'mending', 'pakai', 'bagus', 'diganti', 'semarwut', 'unfaedah', 'saran', 'kembalikan', 'mudah', 'nyaman', 'bagus']"
180,habis update ribet lemot tolong benahi update dilalukan percobaan gmn cth pencarian stasiun kereta lambat loading stasiun temukan versi langsung ketemu cepat pilih duduk loading mnit blm slesai ahirnya beli traveloka balikin versi tes dlu jalan fiturnya apk luncurin smg benerin,Negatif,"['habis', 'update', 'ribet', 'lemot', 'tolong', 'benahi', 'update', 'dilalukan', 'percobaan', 'gmn', 'cth', 'pencarian', 'stasiun', 'kereta', 'lambat', 'loading', 'stasiun', 'temukan', 'versi', 'langsung', 'ketemu', 'cepat', 'pilih', 'duduk', 'loading', 'mnit', 'blm', 'slesai', 'ahirnya', 'beli', 'traveloka', 'balikin', 'versi', 'tes', 'dlu', 'jalan', 'fiturnya', 'apk', 'luncurin', 'smg', 'benerin']"
181,update terbaru bagus tp saran baikny harga habis terjual taruh gx bingung klu skrang kirain msh tiketny zonk,Positif,"['update', 'terbaru', 'bagus', 'tp', 'saran', 'baikny', 'harga', 'habis', 'terjual', 'taruh', 'gx', 'bingung', 'klu', 'skrang', 'kirain', 'msh', 'tiketny', 'zonk']"
182,selaraskan kebijakan keandalan aplikasinya peraturan calon penumpang kereta lokal pesan aplikasinya andalkan kecepatan pelayanan daya tarik calon penumpang penumpang nyaman performa buruk,Negatif,"['selaraskan', 'kebijakan', 'keandalan', 'aplikasinya', 'peraturan', 'calon', 'penumpang', 'kereta', 'lokal', 'pesan', 'aplikasinya', 'andalkan', 'kecepatan', 'pelayanan', 'daya', 'tarik', 'calon', 'penumpang', 'penumpang', 'nyaman', 'performa', 'buruk']"
183,gampang ni upgrade kwalitasnya,Konflik,"['gampang', 'ni', 'upgrade', 'kwalitasnya']"
184,kai access terupdete fiturnya lengkp lemot lancar pesan kereta lancar,Positif,"['kai', 'access', 'terupdete', 'fiturnya', 'lengkp', 'lemot', 'lancar', 'pesan', 'kereta', 'lancar']"
185,daftar diakses,Netral,"['daftar', 'diakses']"
186,diupdate aplikasinya lancar lemot,Positif,"['diupdate', 'aplikasinya', 'lancar', 'lemot']"
187,ngelag,Netral,['ngelag']
188,update gabisa masuk segi oke performanya buruk,Konflik,"['update', 'gabisa', 'masuk', 'segi', 'oke', 'performanya', 'buruk']"
189,ribet bagus,Konflik,"['ribet', 'bagus']"
190,lemmootnya ampun tolong perbaiki sistemnya uninstal lemot bgt kya gini,Negatif,"['lemmootnya', 'ampun', 'tolong', 'perbaiki', 'sistemnya', 'uninstal', 'lemot', 'bgt', 'kya', 'gini']"
191,enakan,Konflik,['enakan']
192,bagus banget update bug lancar banget,Positif,"['bagus', 'banget', 'update', 'bug', 'lancar', 'banget']"
193,unggulan terbarunya menarik thanks kai aplikasinya bagus lancar trouble,Positif,"['unggulan', 'terbarunya', 'menarik', 'thanks', 'kai', 'aplikasinya', 'bagus', 'lancar', 'trouble']"
194,diupgrade lancar proses login sampe pambayran,Positif,"['diupgrade', 'lancar', 'proses', 'login', 'sampe', 'pambayran']"
195,selaraskan kebijakan keandalan aplikasinya peraturan calon penumpang kereta lokal pesan aplikasinya andalkan kecepatan pelayanan daya tarik calon penumpang penumpang nyaman performa buruk,Negatif,"['selaraskan', 'kebijakan', 'keandalan', 'aplikasinya', 'peraturan', 'calon', 'penumpang', 'kereta', 'lokal', 'pesan', 'aplikasinya', 'andalkan', 'kecepatan', 'pelayanan', 'daya', 'tarik', 'calon', 'penumpang', 'penumpang', 'nyaman', 'performa', 'buruk']"
196,mangkin lengkap tpi ribet,Konflik,"['mangkin', 'lengkap', 'tpi', 'ribet']"
197,mending kai terbaru emosi lemot maksimal,Konflik,"['mending', 'kai', 'terbaru', 'emosi', 'lemot', 'maksimal']"
198,lemot masuk menu lemot kadang akun log out masuk log in,Negatif,"['lemot', 'masuk', 'menu', 'lemot', 'kadang', 'akun', 'log', 'out', 'masuk', 'log', 'in']"
199,update lemot,Negatif,"['update', 'lemot']"
200,gemes banget kai pake rubah enak lemot pollll fiturnya an please deh kembalikan kai,Negatif,"['gemes', 'banget', 'kai', 'pake', 'rubah', 'enak', 'lemot', 'pollll', 'fiturnya', 'an', 'please', 'deh', 'kembalikan', 'kai']"
201,megnecewakan update satset parah prommo kemerdekaan jgu membantu tengkyu kai,Positif,"['megnecewakan', 'update', 'satset', 'parah', 'prommo', 'kemerdekaan', 'jgu', 'membantu', 'tengkyu', 'kai']"
202,ui jelek simpel elegan,Konflik,"['ui', 'jelek', 'simpel', 'elegan']"
203,mudah lancar susah banget kl hapus email akun aktif skrg kl ganti nomer udh gampang bgt sukaaa,Positif,"['mudah', 'lancar', 'susah', 'banget', 'kl', 'hapus', 'email', 'akun', 'aktif', 'skrg', 'kl', 'ganti', 'nomer', 'udh', 'gampang', 'bgt', 'sukaaa']"
204,versi menarik tanpilan pesen langsung dapet macet lemot lancar suka qrisnya simepl,Positif,"['versi', 'menarik', 'tanpilan', 'pesen', 'langsung', 'dapet', 'macet', 'lemot', 'lancar', 'suka', 'qrisnya', 'simepl']"
205,apk crash memesan lancar kehabisan pembayarannya mudah menggunaakn qris,Positif,"['apk', 'crash', 'memesan', 'lancar', 'kehabisan', 'pembayarannya', 'mudah', 'menggunaakn', 'qris']"
206,terbaru lemot,Konflik,"['terbaru', 'lemot']"
207,aplikasinya mudah bagus lemot,Positif,"['aplikasinya', 'mudah', 'bagus', 'lemot']"
208,buka aplikasinya langkah prosesnya banget berbeda cepat kehalaman utama semoga diperbaiki terimakasih,Konflik,"['buka', 'aplikasinya', 'langkah', 'prosesnya', 'banget', 'berbeda', 'cepat', 'kehalaman', 'utama', 'semoga', 'diperbaiki', 'terimakasih']"
209,iya lancar efektif pemilihan kursi kursi mending efektif efisien,Positif,"['iya', 'lancar', 'efektif', 'pemilihan', 'kursi', 'kursi', 'mending', 'efektif', 'efisien']"
210,stelah updte app udah lancar commuter line eror,Positif,"['stelah', 'updte', 'app', 'udah', 'lancar', 'commuter', 'line', 'eror']"
211,jarang banget ngasi ulasan gini tp fix super lemot banget kukira tampilannya doang buka apk lemot poll kek gini bur buka pas scan barcode,Negatif,"['jarang', 'banget', 'ngasi', 'ulasan', 'gini', 'tp', 'fix', 'super', 'lemot', 'banget', 'kukira', 'tampilannya', 'doang', 'buka', 'apk', 'lemot', 'poll', 'kek', 'gini', 'bur', 'buka', 'pas', 'scan', 'barcode']"
212,kemudahan customer update an bintang update an terbarunya kai udah lemot jos mantp is best lancar jaya suka terbaru mudah dimengerti customer pengguna,Positif,"['kemudahan', 'customer', 'update', 'an', 'bintang', 'update', 'an', 'terbarunya', 'kai', 'udah', 'lemot', 'jos', 'mantp', 'is', 'best', 'lancar', 'jaya', 'suka', 'terbaru', 'mudah', 'dimengerti', 'customer', 'pengguna']"
213,pliss kai perbaiki apknya secepatmyaaaaa updet bnr bnr apk membantu beli lokal hrus pake apk gk pas beli lemooootttt banget penampilan bagus fungsional tolong banget perbaiki pagi telat kereta gk gra gra lemot apknya lemotnya pas log innya milih tiketnya dll dikasih mnit bayar abis loading udh ganti provider ttp,Negatif,"['pliss', 'kai', 'perbaiki', 'apknya', 'secepatmyaaaaa', 'updet', 'bnr', 'bnr', 'apk', 'membantu', 'beli', 'lokal', 'hrus', 'pake', 'apk', 'gk', 'pas', 'beli', 'lemooootttt', 'banget', 'penampilan', 'bagus', 'fungsional', 'tolong', 'banget', 'perbaiki', 'pagi', 'telat', 'kereta', 'gk', 'gra', 'gra', 'lemot', 'apknya', 'lemotnya', 'pas', 'log', 'innya', 'milih', 'tiketnya', 'dll', 'dikasih', 'mnit', 'bayar', 'abis', 'loading', 'udh', 'ganti', 'provider', 'ttp']"
214,tolong kenbalikan versi mudah dimengerti,Konflik,"['tolong', 'kenbalikan', 'versi', 'mudah', 'dimengerti']"
215,bagus banget update bug lancar banget,Positif,"['bagus', 'banget', 'update', 'bug', 'lancar', 'banget']"
216,bagus benr bagus performa,Positif,"['bagus', 'benr', 'bagus', 'performa']"
217,loading lamaaaaa banget pas pencarian kursi pas udah masuk udah dipilih apk kn blm milih kursi kadang lancar kadang gitu versi lancar,Konflik,"['loading', 'lamaaaaa', 'banget', 'pas', 'pencarian', 'kursi', 'pas', 'udah', 'masuk', 'udah', 'dipilih', 'apk', 'kn', 'blm', 'milih', 'kursi', 'kadang', 'lancar', 'kadang', 'gitu', 'versi', 'lancar']"
218,pelanggan setia kai paus versi terbaruny memudahkan dlm pesan mudah cek kereta mudah bayrnya mudah tambahan yng berguna salutnya tambahan tpai lancar lemot lemot,Positif,"['pelanggan', 'setia', 'kai', 'paus', 'versi', 'terbaruny', 'memudahkan', 'dlm', 'pesan', 'mudah', 'cek', 'kereta', 'mudah', 'bayrnya', 'mudah', 'tambahan', 'yng', 'berguna', 'salutnya', 'tambahan', 'tpai', 'lancar', 'lemot', 'lemot']"
219,versi lemot loadingnya pke akses masuk aplikasinya pindah menu jg lemot,Positif,"['versi', 'lemot', 'loadingnya', 'pke', 'akses', 'masuk', 'aplikasinya', 'pindah', 'menu', 'jg', 'lemot']"
220,jarang banget ngasi ulasan gini tp fix super lemot banget kukira tampilannya doang buka apk lemot poll kek gini bur buka pas scan barcode,Negatif,"['jarang', 'banget', 'ngasi', 'ulasan', 'gini', 'tp', 'fix', 'super', 'lemot', 'banget', 'kukira', 'tampilannya', 'doang', 'buka', 'apk', 'lemot', 'poll', 'kek', 'gini', 'bur', 'buka', 'pas', 'scan', 'barcode']"
221,maaf pakai connecting train banyuwangi cikarang down grade,Konflik,"['maaf', 'pakai', 'connecting', 'train', 'banyuwangi', 'cikarang', 'down', 'grade']"
222,udah maakin lancar lemot enak kayak perpaduan warna cocok,Positif,"['udah', 'maakin', 'lancar', 'lemot', 'enak', 'kayak', 'perpaduan', 'warna', 'cocok']"
223,lancar banget kendala wktu efektif,Positif,"['lancar', 'banget', 'kendala', 'wktu', 'efektif']"
224,update colourfull lengkap jadwal commuterline suka versi kai performnya meningkt cepet,Positif,"['update', 'colourfull', 'lengkap', 'jadwal', 'commuterline', 'suka', 'versi', 'kai', 'performnya', 'meningkt', 'cepet']"
225,versi lemot pol mending versi,Konflik,"['versi', 'lemot', 'pol', 'mending', 'versi']"
226,tools tp lemot suka time out,Negatif,"['tools', 'tp', 'lemot', 'suka', 'time', 'out']"
227,membuka pembaruan,Netral,"['membuka', 'pembaruan']"
228,update lemot bgt,Negatif,"['update', 'lemot', 'bgt']"
229,hah gabisa dibuka samsek daritadi buka muncul logone tok berfungsi samsek,Negatif,"['hah', 'gabisa', 'dibuka', 'samsek', 'daritadi', 'buka', 'muncul', 'logone', 'tok', 'berfungsi', 'samsek']"
230,dibandingin kai beda bgt segi performa lancar pesen bayarnya tmpilannya menarik ditambah terbaru bermanfaat bangett,Positif,"['dibandingin', 'kai', 'beda', 'bgt', 'segi', 'performa', 'lancar', 'pesen', 'bayarnya', 'tmpilannya', 'menarik', 'ditambah', 'terbaru', 'bermanfaat', 'bangett']"
231,susah dibuka enakan,Konflik,"['susah', 'dibuka', 'enakan']"
232,ui oke ux mencari danmembeli sold rangenya tulis available range harga trus ditawarkan memilih makanan memesan konyol pilihan membeli tanyain membeli makanan aneh kecewa ux better kemarin,Konflik,"['ui', 'oke', 'ux', 'mencari', 'danmembeli', 'sold', 'rangenya', 'tulis', 'available', 'range', 'harga', 'trus', 'ditawarkan', 'memilih', 'makanan', 'memesan', 'konyol', 'pilihan', 'membeli', 'tanyain', 'membeli', 'makanan', 'aneh', 'kecewa', 'ux', 'better', 'kemarin']"
233,update parah bug loading lemot update data nik berubah gmn team,Negatif,"['update', 'parah', 'bug', 'loading', 'lemot', 'update', 'data', 'nik', 'berubah', 'gmn', 'team']"
234,diupdate beli mudah lancar ui diperbaiki jg keren versi versi bagus banget performanya,Positif,"['diupdate', 'beli', 'mudah', 'lancar', 'ui', 'diperbaiki', 'jg', 'keren', 'versi', 'versi', 'bagus', 'banget', 'performanya']"
235,diupdate beli mudah lancar ui diperbaiki jg keren versi versi bagus banget performanya,Positif,"['diupdate', 'beli', 'mudah', 'lancar', 'ui', 'diperbaiki', 'jg', 'keren', 'versi', 'versi', 'bagus', 'banget', 'performanya']"
236,milih duduk lemot bgt suka,Konflik,"['milih', 'duduk', 'lemot', 'bgt', 'suka']"
237,update lancar bangett enak menu aplikasinya,Positif,"['update', 'lancar', 'bangett', 'enak', 'menu', 'aplikasinya']"
238,butuh ma akses kereta males bgt make app minggu loading trs eror trs org buru bner bkin emosi pas nyampe stasiun disuruh loket loket disuruh petugas dpn bner nyebelin bgt sampe ketinggalan jadwal kereta lg buru org gbs beli diloket benerin app ngerugiin orang,Negatif,"['butuh', 'ma', 'akses', 'kereta', 'males', 'bgt', 'make', 'app', 'minggu', 'loading', 'trs', 'eror', 'trs', 'org', 'buru', 'bner', 'bkin', 'emosi', 'pas', 'nyampe', 'stasiun', 'disuruh', 'loket', 'loket', 'disuruh', 'petugas', 'dpn', 'bner', 'nyebelin', 'bgt', 'sampe', 'ketinggalan', 'jadwal', 'kereta', 'lg', 'buru', 'org', 'gbs', 'beli', 'diloket', 'benerin', 'app', 'ngerugiin', 'orang']"
239,lemot,Konflik,['lemot']
240,update terbaru oke kualitasnya bagus banget load pas buka appnya pas lancar banget pembayarannya mudah butuhkan cepet simple mudah,Positif,"['update', 'terbaru', 'oke', 'kualitasnya', 'bagus', 'banget', 'load', 'pas', 'buka', 'appnya', 'pas', 'lancar', 'banget', 'pembayarannya', 'mudah', 'butuhkan', 'cepet', 'simple', 'mudah']"
241,update bug smooth apps versi,Konflik,"['update', 'bug', 'smooth', 'apps', 'versi']"
242,diperbarui susah masuk seblumny masuk bendal masuk mutarnya lancar normal tulung diperbaiki servernya,Konflik,"['diperbarui', 'susah', 'masuk', 'seblumny', 'masuk', 'bendal', 'masuk', 'mutarnya', 'lancar', 'normal', 'tulung', 'diperbaiki', 'servernya']"
243,diperbarui bagus lancar trus fiturnya lengkap pesen kereta seklain pesen hotel beli kuota internet,Positif,"['diperbarui', 'bagus', 'lancar', 'trus', 'fiturnya', 'lengkap', 'pesen', 'kereta', 'seklain', 'pesen', 'hotel', 'beli', 'kuota', 'internet']"
244,update lemot banget logout pas masuk jdi gk masuk keterangan failed request udah pake kai acces tolong donk pake aplikasinya simpel mudah akses susah gini,Negatif,"['update', 'lemot', 'banget', 'logout', 'pas', 'masuk', 'jdi', 'gk', 'masuk', 'keterangan', 'failed', 'request', 'udah', 'pake', 'kai', 'acces', 'tolong', 'donk', 'pake', 'aplikasinya', 'simpel', 'mudah', 'akses', 'susah', 'gini']"
245,lemot batal bayar karna loading limit habis,Negatif,"['lemot', 'batal', 'bayar', 'karna', 'loading', 'limit', 'habis']"
246,update step by step lemooottttt bangetttttttt yaallah gimana buru abis lemotnyaaaaaaaaa,Negatif,"['update', 'step', 'by', 'step', 'lemooottttt', 'bangetttttttt', 'yaallah', 'gimana', 'buru', 'abis', 'lemotnyaaaaaaaaa']"
247,unggulan terbarunya menarik thanks kai aplikasinya bagus lancar trouble,Positif,"['unggulan', 'terbarunya', 'menarik', 'thanks', 'kai', 'aplikasinya', 'bagus', 'lancar', 'trouble']"
248,upgrade lancar buka jadwal cepet,Positif,"['upgrade', 'lancar', 'buka', 'jadwal', 'cepet']"
249,good job kai aplikasinya lancar banget cepat bgt upgrade mudah diakses,Positif,"['good', 'job', 'kai', 'aplikasinya', 'lancar', 'banget', 'cepat', 'bgt', 'upgrade', 'mudah', 'diakses']"
250,upgrade an kai access,Netral,"['upgrade', 'an', 'kai', 'access']"
251,lemot udah bayar muncul,Negatif,"['lemot', 'udah', 'bayar', 'muncul']"
252,update login aman cek aman smooth hpku kentang lho,Positif,"['update', 'login', 'aman', 'cek', 'aman', 'smooth', 'hpku', 'kentang', 'lho']"
253,diupdate lancar bgt memudahkan,Positif,"['diupdate', 'lancar', 'bgt', 'memudahkan']"
254,kualitasnya update pesan mudah eror lemot,Positif,"['kualitasnya', 'update', 'pesan', 'mudah', 'eror', 'lemot']"
255,bagus sayang lemotnya ampun memilih duduk tinggal menunggu kode time out ngga perjalanan mendadak beda cepat ngga loading,Negatif,"['bagus', 'sayang', 'lemotnya', 'ampun', 'memilih', 'duduk', 'tinggal', 'menunggu', 'kode', 'time', 'out', 'ngga', 'perjalanan', 'mendadak', 'beda', 'cepat', 'ngga', 'loading']"
256,masuk lancar bgt proses lancar butuh cepet super lancar,Positif,"['masuk', 'lancar', 'bgt', 'proses', 'lancar', 'butuh', 'cepet', 'super', 'lancar']"
257,udahh lancar banget beli cari enak dipandaang ux terbaru,Positif,"['udahh', 'lancar', 'banget', 'beli', 'cari', 'enak', 'dipandaang', 'ux', 'terbaru']"
258,mudah lancar susah banget kl hapus email akun aktif skrg kl ganti nomer udh gampang bgt sukaaa,Positif,"['mudah', 'lancar', 'susah', 'banget', 'kl', 'hapus', 'email', 'akun', 'aktif', 'skrg', 'kl', 'ganti', 'nomer', 'udh', 'gampang', 'bgt', 'sukaaa']"
259,apk crash memesan lancar kehabisan pembayarannya mudah menggunaakn qris,Positif,"['apk', 'crash', 'memesan', 'lancar', 'kehabisan', 'pembayarannya', 'mudah', 'menggunaakn', 'qris']"
260,update versi terbaru nggak dibuka gimana yaaaa,Konflik,"['update', 'versi', 'terbaru', 'nggak', 'dibuka', 'gimana', 'yaaaa']"
261,lancarr hp ku spek lumayan lo gatau orang orang bilanylemot banget lancar promo hotel jug,Positif,"['lancarr', 'hp', 'ku', 'spek', 'lumayan', 'lo', 'gatau', 'orang', 'orang', 'bilanylemot', 'banget', 'lancar', 'promo', 'hotel', 'jug']"
262,habis update ribet lemot tolong benahi update dilalukan percobaan gmn cth pencarian stasiun kereta lambat loading stasiun temukan versi langsung ketemu cepat pilih duduk loading mnit blm slesai ahirnya beli traveloka balikin versi tes dlu jalan fiturnya apk luncurin smg benerin,Negatif,"['habis', 'update', 'ribet', 'lemot', 'tolong', 'benahi', 'update', 'dilalukan', 'percobaan', 'gmn', 'cth', 'pencarian', 'stasiun', 'kereta', 'lambat', 'loading', 'stasiun', 'temukan', 'versi', 'langsung', 'ketemu', 'cepat', 'pilih', 'duduk', 'loading', 'mnit', 'blm', 'slesai', 'ahirnya', 'beli', 'traveloka', 'balikin', 'versi', 'tes', 'dlu', 'jalan', 'fiturnya', 'apk', 'luncurin', 'smg', 'benerin']"
263,bnyak menu lemot aplikasinya,Negatif,"['bnyak', 'menu', 'lemot', 'aplikasinya']"
264,semenjak update udah ngak lemot membingungkan kereta penuh muncul untungnya pesen bayar aman gampang bgt,Positif,"['semenjak', 'update', 'udah', 'ngak', 'lemot', 'membingungkan', 'kereta', 'penuh', 'muncul', 'untungnya', 'pesen', 'bayar', 'aman', 'gampang', 'bgt']"
265,update terbaru parah lemot ribet,Negatif,"['update', 'terbaru', 'parah', 'lemot', 'ribet']"
266,mudah lancar susah banget kl hapus email akun aktif skrg kl ganti nomer udh gampang bgt sukaaa,Positif,"['mudah', 'lancar', 'susah', 'banget', 'kl', 'hapus', 'email', 'akun', 'aktif', 'skrg', 'kl', 'ganti', 'nomer', 'udh', 'gampang', 'bgt', 'sukaaa']"
267,lemot poll update lancar teros,Positif,"['lemot', 'poll', 'update', 'lancar', 'teros']"
268,dibandingin kai beda bgt segi performa lancar pesen bayarnya tmpilannya menarik ditambah terbaru bermanfaat bangett,Positif,"['dibandingin', 'kai', 'beda', 'bgt', 'segi', 'performa', 'lancar', 'pesen', 'bayarnya', 'tmpilannya', 'menarik', 'ditambah', 'terbaru', 'bermanfaat', 'bangett']"
269,bagus sayang lemotnya ampun memilih duduk tinggal menunggu kode time out ngga perjalanan mendadak beda cepat ngga loading,Negatif,"['bagus', 'sayang', 'lemotnya', 'ampun', 'memilih', 'duduk', 'tinggal', 'menunggu', 'kode', 'time', 'out', 'ngga', 'perjalanan', 'mendadak', 'beda', 'cepat', 'ngga', 'loading']"
270,senang pembaruan kai accesa update no hp gagal terbaru membantu pengguna performanya canggih cepet,Positif,"['senang', 'pembaruan', 'kai', 'accesa', 'update', 'no', 'hp', 'gagal', 'terbaru', 'membantu', 'pengguna', 'performanya', 'canggih', 'cepet']"
271,apk membantu detail kendala loadingnya cek jadwal commuter line susah mencari nama stasiun memakan loading hasil pencarian,Negatif,"['apk', 'membantu', 'detail', 'kendala', 'loadingnya', 'cek', 'jadwal', 'commuter', 'line', 'susah', 'mencari', 'nama', 'stasiun', 'memakan', 'loading', 'hasil', 'pencarian']"
272,masuk lancar bgt proses lancar butuh cepet super lancar,Positif,"['masuk', 'lancar', 'bgt', 'proses', 'lancar', 'butuh', 'cepet', 'super', 'lancar']"
273,update lemot bgt,Negatif,"['update', 'lemot', 'bgt']"
274,update terbaru parah lemot ribet,Negatif,"['update', 'terbaru', 'parah', 'lemot', 'ribet']"
275,akunya suka,Netral,"['akunya', 'suka']"
276,update besaran kai bagus respon cepat ui keren kekurangan metode wallet opsi ovo kedepan wallet gopay shopeepay dana virtual account,Positif,"['update', 'besaran', 'kai', 'bagus', 'respon', 'cepat', 'ui', 'keren', 'kekurangan', 'metode', 'wallet', 'opsi', 'ovo', 'kedepan', 'wallet', 'gopay', 'shopeepay', 'dana', 'virtual', 'account']"
277,iya lancar efektif pemilihan kursi kursi mending efektif efisien,Positif,"['iya', 'lancar', 'efektif', 'pemilihan', 'kursi', 'kursi', 'mending', 'efektif', 'efisien']"
278,buka apk udh lemot padhal udh upgrade,Negatif,"['buka', 'apk', 'udh', 'lemot', 'padhal', 'udh', 'upgrade']"
279,bangku pas dipilih seat no available payah diupdate payah user friendly berat problem solve,Konflik,"['bangku', 'pas', 'dipilih', 'seat', 'no', 'available', 'payah', 'diupdate', 'payah', 'user', 'friendly', 'berat', 'problem', 'solve']"
280,susah banget masuk pesen loading parah,Konflik,"['susah', 'banget', 'masuk', 'pesen', 'loading', 'parah']"
281,reduksi harga dihilangkan lemot ciri khas bumn bgt,Negatif,"['reduksi', 'harga', 'dihilangkan', 'lemot', 'ciri', 'khas', 'bumn', 'bgt']"
282,habis terganggu lemot ganti kursi penumpang niat email kirim cek disitu video kendalanya merespon bot pesan ka lokal eror tolong perbaiki,Negatif,"['habis', 'terganggu', 'lemot', 'ganti', 'kursi', 'penumpang', 'niat', 'email', 'kirim', 'cek', 'disitu', 'video', 'kendalanya', 'merespon', 'bot', 'pesan', 'ka', 'lokal', 'eror', 'tolong', 'perbaiki']"
283,update terbaru oke kualitasnya bagus banget load pas buka appnya pas lancar banget pembayarannya mudah butuhkan cepet simple mudah,Positif,"['update', 'terbaru', 'oke', 'kualitasnya', 'bagus', 'banget', 'load', 'pas', 'buka', 'appnya', 'pas', 'lancar', 'banget', 'pembayarannya', 'mudah', 'butuhkan', 'cepet', 'simple', 'mudah']"
284,udah maakin lancar lemot enak kayak perpaduan warna cocok,Positif,"['udah', 'maakin', 'lancar', 'lemot', 'enak', 'kayak', 'perpaduan', 'warna', 'cocok']"
285,update bagus emosi wallet susah password ovo muncul gagal update ovo kesel banget bagus kai access versi,Negatif,"['update', 'bagus', 'emosi', 'wallet', 'susah', 'password', 'ovo', 'muncul', 'gagal', 'update', 'ovo', 'kesel', 'banget', 'bagus', 'kai', 'access', 'versi']"
286,semenjak upgrade lancar memudahkan,Positif,"['semenjak', 'upgrade', 'lancar', 'memudahkan']"
287,restart hp update lemot,Positif,"['restart', 'hp', 'update', 'lemot']"
288,update terbaru oke kualitasnya bagus banget load pas buka appnya pas lancar banget pembayarannya mudah butuhkan cepet simple mudah,Positif,"['update', 'terbaru', 'oke', 'kualitasnya', 'bagus', 'banget', 'load', 'pas', 'buka', 'appnya', 'pas', 'lancar', 'banget', 'pembayarannya', 'mudah', 'butuhkan', 'cepet', 'simple', 'mudah']"
289,bagus banget update bug lancar banget,Positif,"['bagus', 'banget', 'update', 'bug', 'lancar', 'banget']"
290,kai access ui tbh simple kesannya kai access versi bagus banget ui biarpun ui bagus fiturnya loading mantap kai ui bagus simple ngga berat tq,Konflik,"['kai', 'access', 'ui', 'tbh', 'simple', 'kesannya', 'kai', 'access', 'versi', 'bagus', 'banget', 'ui', 'biarpun', 'ui', 'bagus', 'fiturnya', 'loading', 'mantap', 'kai', 'ui', 'bagus', 'simple', 'ngga', 'berat', 'tq']"
291,efisien apk,Konflik,"['efisien', 'apk']"
292,pake pesan gagal diaplikasi berhasil dna cepet lemot,Positif,"['pake', 'pesan', 'gagal', 'diaplikasi', 'berhasil', 'dna', 'cepet', 'lemot']"
293,udah jam beli muter trus loding loding kasih ulang ulang kadaluarsa loding,Negatif,"['udah', 'jam', 'beli', 'muter', 'trus', 'loding', 'loding', 'kasih', 'ulang', 'ulang', 'kadaluarsa', 'loding']"
294,pilihannya gabusa terakses running versi merugikan konsumen mendesak butuh reshcedulle gabisa coba telpon service center solusi coba manual unistall download install gabisa perhatian,Negatif,"['pilihannya', 'gabusa', 'terakses', 'running', 'versi', 'merugikan', 'konsumen', 'mendesak', 'butuh', 'reshcedulle', 'gabisa', 'coba', 'telpon', 'service', 'center', 'solusi', 'coba', 'manual', 'unistall', 'download', 'install', 'gabisa', 'perhatian']"
295,versi menarik tanpilan pesen langsung dapet macet lemot lancar suka qrisnya simepl,Positif,"['versi', 'menarik', 'tanpilan', 'pesen', 'langsung', 'dapet', 'macet', 'lemot', 'lancar', 'suka', 'qrisnya', 'simepl']"
296,lihat jadwal kereta pesan udah lbih mudah sblmnya lemottt parah pdhal lgi urgent,Positif,"['lihat', 'jadwal', 'kereta', 'pesan', 'udah', 'lbih', 'mudah', 'sblmnya', 'lemottt', 'parah', 'pdhal', 'lgi', 'urgent']"
297,buka apk udh lemot padhal udh upgrade,Negatif,"['buka', 'apk', 'udh', 'lemot', 'padhal', 'udh', 'upgrade']"
298,diupdate mudah aplikasinya lemot mudah cek menyelesaikan step by step isi data penumpang update terbaru membantu puas,Positif,"['diupdate', 'mudah', 'aplikasinya', 'lemot', 'mudah', 'cek', 'menyelesaikan', 'step', 'by', 'step', 'isi', 'data', 'penumpang', 'update', 'terbaru', 'membantu', 'puas']"
299,udah gk lemot mesen lokal antarkota pake online apk lancar parah gk lemot memudahkan diperbarui huhuhhu suka,Positif,"['udah', 'gk', 'lemot', 'mesen', 'lokal', 'antarkota', 'pake', 'online', 'apk', 'lancar', 'parah', 'gk', 'lemot', 'memudahkan', 'diperbarui', 'huhuhhu', 'suka']"
300,update lancar bangett enak menu aplikasinya,Positif,"['update', 'lancar', 'bangett', 'enak', 'menu', 'aplikasinya']"
301,kaiacces update simpel mempermudah lancar lemot,Positif,"['kaiacces', 'update', 'simpel', 'mempermudah', 'lancar', 'lemot']"
302,diperbarui garibet pesen lemot lbih mudah beli skrng hhh seblumnya thx,Positif,"['diperbarui', 'garibet', 'pesen', 'lemot', 'lbih', 'mudah', 'beli', 'skrng', 'hhh', 'seblumnya', 'thx']"
303,butuh ma akses kereta males bgt make app minggu loading trs eror trs org buru bner bkin emosi pas nyampe stasiun disuruh loket loket disuruh petugas dpn bner nyebelin bgt sampe ketinggalan jadwal kereta lg buru org gbs beli diloket benerin app ngerugiin orang,Negatif,"['butuh', 'ma', 'akses', 'kereta', 'males', 'bgt', 'make', 'app', 'minggu', 'loading', 'trs', 'eror', 'trs', 'org', 'buru', 'bner', 'bkin', 'emosi', 'pas', 'nyampe', 'stasiun', 'disuruh', 'loket', 'loket', 'disuruh', 'petugas', 'dpn', 'bner', 'nyebelin', 'bgt', 'sampe', 'ketinggalan', 'jadwal', 'kereta', 'lg', 'buru', 'org', 'gbs', 'beli', 'diloket', 'benerin', 'app', 'ngerugiin', 'orang']"
304,pilihannya gabusa terakses running versi merugikan konsumen mendesak butuh reshcedulle gabisa coba telpon service center solusi coba manual unistall download install gabisa perhatian,Negatif,"['pilihannya', 'gabusa', 'terakses', 'running', 'versi', 'merugikan', 'konsumen', 'mendesak', 'butuh', 'reshcedulle', 'gabisa', 'coba', 'telpon', 'service', 'center', 'solusi', 'coba', 'manual', 'unistall', 'download', 'install', 'gabisa', 'perhatian']"
305,apk membantu detail kendala loadingnya cek jadwal commuter line susah mencari nama stasiun memakan loading hasil pencarian,Negatif,"['apk', 'membantu', 'detail', 'kendala', 'loadingnya', 'cek', 'jadwal', 'commuter', 'line', 'susah', 'mencari', 'nama', 'stasiun', 'memakan', 'loading', 'hasil', 'pencarian']"
306,menit pesen tenang,Konflik,"['menit', 'pesen', 'tenang']"
307,lemot banget login tolong perbaikannya,Konflik,"['lemot', 'banget', 'login', 'tolong', 'perbaikannya']"
308,restart hp update lemot,Positif,"['restart', 'hp', 'update', 'lemot']"
309,diupgrade aneh cek sisa kursi tersedia beli,Konflik,"['diupgrade', 'aneh', 'cek', 'sisa', 'kursi', 'tersedia', 'beli']"
310,versi menarik tanpilan pesen langsung dapet macet lemot lancar suka qrisnya simepl,Positif,"['versi', 'menarik', 'tanpilan', 'pesen', 'langsung', 'dapet', 'macet', 'lemot', 'lancar', 'suka', 'qrisnya', 'simepl']"
311,update ngga zonk performa dll pengoperasian jugalebih efisien versi terbaru sumpah versi nyebelin aneh,Positif,"['update', 'ngga', 'zonk', 'performa', 'dll', 'pengoperasian', 'jugalebih', 'efisien', 'versi', 'terbaru', 'sumpah', 'versi', 'nyebelin', 'aneh']"
312,update terbaru bagus tp saran baikny harga habis terjual taruh gx bingung klu skrang kirain msh tiketny zonk,Positif,"['update', 'terbaru', 'bagus', 'tp', 'saran', 'baikny', 'harga', 'habis', 'terjual', 'taruh', 'gx', 'bingung', 'klu', 'skrang', 'kirain', 'msh', 'tiketny', 'zonk']"
313,ok,Netral,['ok']
314,segi performa kai accsess terbaru lbih seblumnya booking tiekt mudah bayarnya pake qris fiturbuat pesen hotel lengkap,Positif,"['segi', 'performa', 'kai', 'accsess', 'terbaru', 'lbih', 'seblumnya', 'booking', 'tiekt', 'mudah', 'bayarnya', 'pake', 'qris', 'fiturbuat', 'pesen', 'hotel', 'lengkap']"
315,dibandingin kai beda bgt segi performa lancar pesen bayarnya tmpilannya menarik ditambah terbaru bermanfaat bangett,Positif,"['dibandingin', 'kai', 'beda', 'bgt', 'segi', 'performa', 'lancar', 'pesen', 'bayarnya', 'tmpilannya', 'menarik', 'ditambah', 'terbaru', 'bermanfaat', 'bangett']"
316,segi udah oke udah nyaman versi satset pembelian kerta versi pendingnya lumayan,Positif,"['segi', 'udah', 'oke', 'udah', 'nyaman', 'versi', 'satset', 'pembelian', 'kerta', 'versi', 'pendingnya', 'lumayan']"
317,upgrade lancar buka jadwal cepet,Positif,"['upgrade', 'lancar', 'buka', 'jadwal', 'cepet']"
318,mohon maaf update akses lambat memilih kursi timeout menunggu menghabiskan,Negatif,"['mohon', 'maaf', 'update', 'akses', 'lambat', 'memilih', 'kursi', 'timeout', 'menunggu', 'menghabiskan']"
319,update bagus lemot jaringan susah masuk gakjelas,Konflik,"['update', 'bagus', 'lemot', 'jaringan', 'susah', 'masuk', 'gakjelas']"
320,update lemot banget logout pas masuk jdi gk masuk keterangan failed request udah pake kai acces tolong donk pake aplikasinya simpel mudah akses susah gini,Negatif,"['update', 'lemot', 'banget', 'logout', 'pas', 'masuk', 'jdi', 'gk', 'masuk', 'keterangan', 'failed', 'request', 'udah', 'pake', 'kai', 'acces', 'tolong', 'donk', 'pake', 'aplikasinya', 'simpel', 'mudah', 'akses', 'susah', 'gini']"
321,semenjak update ringan lancar bet,Positif,"['semenjak', 'update', 'ringan', 'lancar', 'bet']"
322,update lemot masuk segi oke performanya,Positif,"['update', 'lemot', 'masuk', 'segi', 'oke', 'performanya']"
323,fresh ampun loadingnya,Negatif,"['fresh', 'ampun', 'loadingnya']"
324,update lemot bgt,Negatif,"['update', 'lemot', 'bgt']"
325,update palah apk ringan lancar lemot,Positif,"['update', 'palah', 'apk', 'ringan', 'lancar', 'lemot']"
326,update otomatis nggak buka bagus buruk,Konflik,"['update', 'otomatis', 'nggak', 'buka', 'bagus', 'buruk']"
327,semenjak pembaruan ngelag touchscreen responsif lancar suka jg ama tambahnnya app multifungsi,Positif,"['semenjak', 'pembaruan', 'ngelag', 'touchscreen', 'responsif', 'lancar', 'suka', 'jg', 'ama', 'tambahnnya', 'app', 'multifungsi']"
328,online aplikasinya disiapin sampe mateng bug lemot aplikasinya optimal bug susah masuk lemot ko udah maen beli online kasian orang kereta dibikin ribet engga bumn kerjanya ko gini,Negatif,"['online', 'aplikasinya', 'disiapin', 'sampe', 'mateng', 'bug', 'lemot', 'aplikasinya', 'optimal', 'bug', 'susah', 'masuk', 'lemot', 'ko', 'udah', 'maen', 'beli', 'online', 'kasian', 'orang', 'kereta', 'dibikin', 'ribet', 'engga', 'bumn', 'kerjanya', 'ko', 'gini']"
329,kualitasnya update pesan mudah eror lemot,Positif,"['kualitasnya', 'update', 'pesan', 'mudah', 'eror', 'lemot']"
330,aplikasinya mudah bagus lemot,Positif,"['aplikasinya', 'mudah', 'bagus', 'lemot']"
331,lancar update smuanya lancar cepat mudah login mudah booking lemot muter nunggu jam bulak lemot untung sekarnag update memudahkan booking online,Positif,"['lancar', 'update', 'smuanya', 'lancar', 'cepat', 'mudah', 'login', 'mudah', 'booking', 'lemot', 'muter', 'nunggu', 'jam', 'bulak', 'lemot', 'untung', 'sekarnag', 'update', 'memudahkan', 'booking', 'online']"
332,maaf komplain programmer mendesain ui ux access suka data stored responsif versi,Konflik,"['maaf', 'komplain', 'programmer', 'mendesain', 'ui', 'ux', 'access', 'suka', 'data', 'stored', 'responsif', 'versi']"
333,mudah lancar susah banget kl hapus email akun aktif skrg kl ganti nomer udh gampang bgt sukaaa,Positif,"['mudah', 'lancar', 'susah', 'banget', 'kl', 'hapus', 'email', 'akun', 'aktif', 'skrg', 'kl', 'ganti', 'nomer', 'udh', 'gampang', 'bgt', 'sukaaa']"
334,habis terganggu lemot ganti kursi penumpang niat email kirim cek disitu video kendalanya merespon bot pesan ka lokal eror tolong perbaiki,Negatif,"['habis', 'terganggu', 'lemot', 'ganti', 'kursi', 'penumpang', 'niat', 'email', 'kirim', 'cek', 'disitu', 'video', 'kendalanya', 'merespon', 'bot', 'pesan', 'ka', 'lokal', 'eror', 'tolong', 'perbaiki']"
335,bagus enak diliat gua lemot tampilannya enteng apk berat,Positif,"['bagus', 'enak', 'diliat', 'gua', 'lemot', 'tampilannya', 'enteng', 'apk', 'berat']"
336,performany darisebelumnya,Positif,"['performany', 'darisebelumnya']"
337,pelanggan setia kai paus versi terbaruny memudahkan dlm pesan mudah cek kereta mudah bayrnya mudah tambahan yng berguna salutnya tambahan tpai lancar lemot lemot,Positif,"['pelanggan', 'setia', 'kai', 'paus', 'versi', 'terbaruny', 'memudahkan', 'dlm', 'pesan', 'mudah', 'cek', 'kereta', 'mudah', 'bayrnya', 'mudah', 'tambahan', 'yng', 'berguna', 'salutnya', 'tambahan', 'tpai', 'lancar', 'lemot', 'lemot']"
338,lengkap sulit mengoprasikan ribet efisien enak apk update filter nama kereta buruk banget lemot banget fokus apk khusus kai,Negatif,"['lengkap', 'sulit', 'mengoprasikan', 'ribet', 'efisien', 'enak', 'apk', 'update', 'filter', 'nama', 'kereta', 'buruk', 'banget', 'lemot', 'banget', 'fokus', 'apk', 'khusus', 'kai']"
339,setelag update lemot fiturnya dibeli bufferingnya menyebabkan menunggu dipenukaran cetak boarding kereta membeli tiker kotapun lemot bufferingnya dicoba internal kai langsung main update maksimal,Negatif,"['setelag', 'update', 'lemot', 'fiturnya', 'dibeli', 'bufferingnya', 'menyebabkan', 'menunggu', 'dipenukaran', 'cetak', 'boarding', 'kereta', 'membeli', 'tiker', 'kotapun', 'lemot', 'bufferingnya', 'dicoba', 'internal', 'kai', 'langsung', 'main', 'update', 'maksimal']"
340,update log in butuh verifikasi sms hp tpi bgt kirim otp sms mlh lock akun hadeh gmn sii,Konflik,"['update', 'log', 'in', 'butuh', 'verifikasi', 'sms', 'hp', 'tpi', 'bgt', 'kirim', 'otp', 'sms', 'mlh', 'lock', 'akun', 'hadeh', 'gmn', 'sii']"
341,lancar banget kendala wktu efektif,Positif,"['lancar', 'banget', 'kendala', 'wktu', 'efektif']"
